symbol,entry_ts,exit_ts,entry_price,exit_price,shares,position_notional,holding_bars,realized_pnl,realized_return_pct,entry_branch,exit_reason,forced_close,eod_exit,slippage_per_share,strategy_mode,signal_ts,signal_hour,time_bucket,month,date,action,reason,hybrid_branch_active,hybrid_regime_branch,mr_signal,price,sma,trend_sma,trend_sma_slope,atr_pct,atr_percentile,volatility_regime,adx,trend_proxy,bullish_regime,priority,entry_open,entry_fill,fwd_1b_gross_pct,fwd_1b_net_pct,fwd_2b_gross_pct,fwd_2b_net_pct,fwd_3b_gross_pct,fwd_3b_net_pct,fwd_4b_gross_pct,fwd_4b_net_pct,fwd_5b_gross_pct,fwd_5b_net_pct,path_bar_count,signal_close,signal_to_entry_gap_pct,gross_close_1b_return_pct,net_exit_1b_return_pct,gross_close_2b_return_pct,net_exit_2b_return_pct,gross_close_3b_return_pct,net_exit_3b_return_pct,gross_close_4b_return_pct,net_exit_4b_return_pct,gross_close_5b_return_pct,net_exit_5b_return_pct,mfe_pct,mae_pct,peak_favorable_bar,worst_adverse_bar,best_net_exit_pct,best_exit_bar,worst_net_exit_pct,worst_exit_bar,drawdown_before_best_pct
AMD,2026-01-16 15:15:00+00:00,2026-01-16 16:15:00+00:00,232.42000000000002,232.95,4.302555718096549,1000.0,5,2.260354530591144,0.2260354530591144,,trend_pullback_fixed_bars_exit,False,False,0.05,trend_pullback,2026-01-16 10:00:00-05:00,10:00,open_30m,2026-01,2026-01-16,BUY,trend_pullback_entry,,,,232.48,232.94366666666667,229.1555,1.1055999999999813,0.009009446545608419,73.80952380952381,high_vol,35.11422700951582,trend,bearish,0.0,232.37,232.42000000000002,-0.3744028919395811,-0.4193479046553762,-0.6283083014158488,-0.6731986920230725,0.2711193355424519,0.2260354530591144,0.320609372982745,0.27551484381722274,0.2711193355424519,0.2260354530591144,5,232.48,-0.025808671713684554,-0.39583512606488935,-0.4193479046553762,-0.6496859134325872,-0.6731986920230725,0.249548231649593,0.2260354530591144,0.2990276224077072,0.27551484381722274,0.249548231649593,0.2260354530591144,0.5808450219430317,-0.8497547543240782,4,3,0.27551484381722274,4,-0.6731986920230725,2,-0.6731986920230725
HON,2026-01-16 18:45:00+00:00,2026-01-16 19:45:00+00:00,219.41500000000002,219.79,4.557573547843128,1000.0,5,1.6890900804410194,0.16890900804410194,,trend_pullback_fixed_bars_exit,False,False,0.05,trend_pullback,2026-01-16 13:30:00-05:00,13:00,afternoon,2026-01,2026-01-16,BUY,trend_pullback_entry,,,,219.34,219.763,215.87939999999998,0.8141999999999712,0.0035076594704007828,44.642857142857146,mid_vol,41.16519466543502,trend,bearish,0.0,219.365,219.41500000000002,0.2530029858910849,0.20536959642683994,0.15727212636473406,0.10966055192214981,0.03874820504637455,-0.00883636032178856,0.16638935108152197,0.11877569901782863,0.006837918537590935,-0.04073937515668149,5,219.34,0.03419348955959563,0.23015746416606295,0.20536959642683994,0.13444841966136656,0.10966055192214981,0.01595150741743644,-0.00883636032178856,0.14356356675704454,0.11877569901782863,-0.015951507417462346,-0.04073937515668149,0.37372103092313336,-0.07064238999158196,2,1,0.20536959642683994,1,-0.04073937515668149,5,0.20536959642683994
HON,2026-01-16 20:00:00+00:00,2026-01-20 14:30:00+00:00,219.34,216.66,4.55913194127838,1000.0,5,-12.238473602626073,-1.2238473602626072,,trend_pullback_fixed_bars_exit,False,False,0.05,trend_pullback,2026-01-16 14:45:00-05:00,14:00,afternoon,2026-01,2026-01-16,BUY,trend_pullback_entry,,,,219.38,219.77433333333332,216.5977,0.7183000000000277,0.0031106719534705818,24.59016393442623,low_vol,32.629096048731455,trend,bearish,0.0,219.29,219.34,0.1641661726480978,0.11653743047323815,0.05700214328058735,0.009397829853185158,0.025080943043461548,-0.022516093735760023,0.059282229011808775,0.0116773958238241,-0.6703452049797067,-0.7177837147807168,5,219.38,-0.018233202662043962,0.14133309017963083,0.11653743047323815,0.03419348955958267,0.009397829853185158,0.002279565970637117,-0.022516093735760023,0.03647305553021979,0.0116773958238241,-0.6929880550743185,-0.7177837147807168,0.2575909546822274,-1.8920397556305306,2,5,0.11653743047323815,1,-0.7177837147807168,5,0.11653743047323815
JPM,2026-01-16 20:30:00+00:00,2026-01-20 15:00:00+00:00,312.96000000000004,306.815,3.1952965235173822,1000.0000000000001,5,-19.65509713701431,-1.9655097137014306,,trend_pullback_fixed_bars_exit,False,False,0.05,trend_pullback,2026-01-16 15:15:00-05:00,15:00,afternoon,2026-01,2026-01-16,BUY,trend_pullback_entry,,,,312.95,315.0296666666666,312.2985,0.6062999999999761,0.002693593905857505,20.634920634920636,low_vol,28.846075952392532,trend,bearish,0.0,312.91,312.96000000000004,-0.30040586750183684,-0.3343108384458105,-0.14381131954876655,-0.1777413087934747,-2.0884599405579958,-2.1220792433537894,-1.9654213671662886,-1.9990603271983785,-1.5995014540922474,-1.6331988752556412,5,312.95,0.0031953986259938482,-0.3163343558282237,-0.3343108384458105,-0.15976482617588728,-0.1777413087934747,-2.104102760736208,-2.1220792433537894,-1.9810838445807915,-1.9990603271983785,-1.615222392638057,-1.6331988752556412,0.0031952965235144755,-2.412448875255627,1,3,-0.1777413087934747,2,-2.1220792433537894,3,-0.3343108384458105
HON,2026-01-20 14:45:00+00:00,2026-01-20 15:45:00+00:00,218.02,216.79,4.586735161911751,999.9999999999999,5,-5.661684249151563,-0.5661684249151563,,trend_pullback_fixed_bars_exit,False,False,0.05,trend_pullback,2026-01-20 09:30:00-05:00,09:00,open_30m,2026-01,2026-01-20,BUY,trend_pullback_entry,,,,217.82,219.52366666666666,217.2406,0.6428999999999974,0.004055135271410221,78.78787878787878,high_vol,28.187158331271274,trend,bearish,0.0,217.97,218.02,-0.22021379088864973,-0.26803063939089494,-0.9037941001055186,-0.9514541785157461,-0.43125200715694717,-0.4790204568388389,-0.4496031563976647,-0.4973673974864823,-0.8716795889342596,-0.9193470323823703,5,217.82,0.09181893306400563,-0.2430969635813233,-0.26803063939089494,-0.9265205027061784,-0.9514541785157461,-0.4540867810292675,-0.4790204568388389,-0.4724337216769109,-0.4973673974864823,-0.8944133565727992,-0.9193470323823703,0.055040821942930064,-1.1948445096780196,1,2,-0.26803063939089494,1,-0.9514541785157461,2,-0.26803063939089494
AMD,2026-01-21 18:30:00+00:00,2026-01-21 19:30:00+00:00,245.28500000000003,248.26999999999998,4.076890148194956,1000.0,5,12.149517092361748,1.2149517092361748,,trend_pullback_fixed_bars_exit,False,False,0.05,trend_pullback,2026-01-21 13:15:00-05:00,13:00,midday,2026-01,2026-01-21,BUY,trend_pullback_entry,,,,245.195,247.75199999999998,238.14430000000002,1.4092000000000269,0.00922451311054761,85.98130841121495,high_vol,35.36933441441891,trend,bearish,0.0,245.235,245.28500000000003,-0.04281607437764519,-0.08557624803801218,0.02242746753113479,-0.020346005666897326,-0.21000265051889605,-0.2527287441140061,1.1478785654576213,1.1048756752349165,1.9022570187779035,1.8591003526509893,5,245.195,0.036705479312397,-0.06319179729703388,-0.08557624803801218,0.002038445074084037,-0.020346005666897326,-0.2303442933730257,-0.2527287441140061,1.1272601259758999,1.1048756752349165,1.8814848033919647,1.8591003526509893,1.88352324846606,-0.40157367959720874,5,3,1.8591003526509893,5,-0.2527287441140061,3,-0.2527287441140061
AMD,2026-01-22 19:00:00+00:00,2026-01-22 20:00:00+00:00,253.05,254.03,3.951788184153329,1000.0,5,3.8527524204702104,0.385275242047021,,trend_pullback_fixed_bars_exit,False,False,0.05,trend_pullback,2026-01-22 13:45:00-05:00,13:00,afternoon,2026-01,2026-01-22,BUY,trend_pullback_entry,,,,252.58,253.499,247.6049,2.150299999999987,0.0065160635151514795,24.444444444444443,low_vol,32.145560079843754,trend,bearish,0.0,253.0,253.05,0.10671936758893685,0.06518039913059966,0.6047430830039531,0.5631057103339117,0.31620553359684245,0.2746251728907282,0.38339920948616557,0.341805572021326,0.3280632411067243,0.2864805374431853,5,252.58,0.1860796579301603,0.0869393400513728,0.06518039913059966,0.5848646512546887,0.5631057103339117,0.2963841138114997,0.2746251728907282,0.36356451294210135,0.341805572021326,0.3082394783639601,0.2864805374431853,0.6757557794902112,-0.10669828097214394,2,1,0.5631057103339117,2,0.06518039913059966,1,0.06518039913059966
JPM,2026-01-22 19:00:00+00:00,2026-01-22 20:00:00+00:00,304.955,303.24,3.279172336902166,1000.0,5,-5.643780557787068,-0.5643780557787068,,trend_pullback_fixed_bars_exit,False,False,0.05,trend_pullback,2026-01-22 13:45:00-05:00,13:00,afternoon,2026-01,2026-01-22,BUY,trend_pullback_entry,,,,304.905,305.6853333333333,303.9677,0.035399999999981446,0.0036697284060443346,53.333333333333336,mid_vol,23.14049983917879,mixed,bearish,0.0,304.905,304.955,0.02787753562586261,-0.006918758505344158,-0.0032797100736265085,-0.03807089570592553,-0.23777898033812694,-0.27253171779442487,-0.43784129482953044,-0.47256123034545683,-0.4345615847559039,-0.46928205800855943,5,304.905,0.016398550368151184,0.011477103179165782,-0.006918758505344158,-0.019675034021413743,-0.03807089570592553,-0.2541358561099104,-0.27253171779442487,-0.45416536866094703,-0.47256123034545683,-0.4508861963240478,-0.46928205800855943,0.1655982030135579,-0.5459821940941987,1,5,-0.006918758505344158,1,-0.47256123034545683,4,-0.006918758505344158
AMD,2026-01-23 18:30:00+00:00,2026-01-23 19:30:00+00:00,258.23,257.5,3.8725167486349377,1000.0,5,-2.8469372265035418,-0.2846937226503542,,trend_pullback_fixed_bars_exit,False,False,0.05,trend_pullback,2026-01-23 13:15:00-05:00,13:00,midday,2026-01,2026-01-23,BUY,trend_pullback_entry,,,,258.34,260.4866666666667,254.87240000000003,1.2151000000000352,0.0071491249296348975,41.509433962264154,mid_vol,33.96863279676654,trend,bearish,0.0,258.18,258.23,-0.4531722054380726,-0.49380962707664366,-0.6468355410953659,-0.687435464508394,-0.6081028739638985,-0.6487102970220349,-0.2401425362150455,-0.2808212059017251,0.21690293593616944,0.1761357704372017,5,258.34,-0.042579546334271426,-0.472447043333473,-0.49380962707664366,-0.6660728807652198,-0.687435464508394,-0.6273477132788616,-0.6487102970220349,-0.259458622158547,-0.2808212059017251,0.19749835418037828,0.1761357704372017,0.2555861054098935,-0.7628857994810933,5,4,0.1761357704372017,5,-0.687435464508394,2,-0.687435464508394
JPM,2026-01-30 16:00:00+00:00,2026-01-30 17:00:00+00:00,305.035,303.71,3.278312324815185,1000.0000000000001,5,-4.363763830380208,-0.4363763830380207,,trend_pullback_fixed_bars_exit,False,False,0.05,trend_pullback,2026-01-30 10:45:00-05:00,10:00,morning,2026-01,2026-01-30,BUY,trend_pullback_entry,,,,305.14,305.9603333333333,303.461,0.6482000000000312,0.0035937801598651224,68.81720430107526,high_vol,37.47554841144301,trend,bullish,0.0,304.985,305.035,-0.060658720920701764,-0.09543190125723414,-0.41805334688592355,-0.4527679446620937,-0.2377166090135655,-0.2724607667972577,-0.44100529534240285,-0.47571613093580256,-0.5328130891683197,-0.5675088760306153,5,305.14,-0.034410434554617994,-0.07704033963316131,-0.09543190125723414,-0.43437638303802695,-0.4527679446620937,-0.25406920517318804,-0.2724607667972577,-0.45732456931173093,-0.47571613093580256,-0.5491173144065472,-0.5675088760306153,0.11310177520611418,-0.6933630566984146,1,5,-0.09543190125723414,1,-0.5675088760306153,5,-0.09543190125723414
HON,2026-01-30 18:30:00+00:00,2026-01-30 19:30:00+00:00,226.58,226.98499999999999,4.413452202312649,1000.0,5,1.7674481419364838,0.17674481419364838,,trend_pullback_fixed_bars_exit,False,False,0.05,trend_pullback,2026-01-30 13:15:00-05:00,13:00,midday,2026-01,2026-01-30,BUY,trend_pullback_entry,,,,226.38,227.808,225.2988,0.7317000000000178,0.003738070400080201,74.39446366782006,high_vol,22.87390592149216,mixed,bullish,0.0,226.53,226.58,-0.030900984417071987,-0.07702868743931504,0.4922085375005558,0.4459653985347358,0.556217719507346,0.5099604554682514,0.3575685339690117,0.3113551063641921,0.3399108285878295,0.29370129755494645,5,226.38,0.08834702712254486,-0.05296142642775379,-0.07702868743931504,0.470032659546296,0.4459653985347358,0.5340277164798215,0.5099604554682514,0.33542236737575726,0.3113551063641921,0.3177685585665102,0.29370129755494645,0.6443640215376377,-0.18536499249713825,3,1,0.5099604554682514,3,-0.07702868743931504,1,-0.07702868743931504
AMD,2026-02-02 20:00:00+00:00,2026-02-03 14:30:00+00:00,246.53,251.41,4.056301464324829,1000.0,5,19.774751145905157,1.9774751145905156,,trend_pullback_fixed_bars_exit,False,False,0.05,trend_pullback,2026-02-02 14:45:00-05:00,14:00,afternoon,2026-02,2026-02-02,BUY,trend_pullback_entry,,,,246.45,248.30066666666667,243.8689,0.006300000000010186,0.005889703071680666,25.856697819314643,low_vol,23.34733133295118,mixed,bearish,0.0,246.48,246.53,0.012171372930867064,-0.03039411025027903,0.15822784810127183,0.11563274246542506,-0.3286270691333992,-0.3711234332535696,-0.11359948068808874,-0.15613945564434745,-0.22719896137617748,-0.2697158966454481,5,246.45,0.03246094542504058,-0.008112602928653807,-0.03039411025027903,0.13791424978704556,0.11563274246542506,-0.3488419259319408,-0.3711234332535696,-0.1338579483227244,-0.15613945564434745,-0.2474343893238201,-0.2697158966454481,2.409443069808947,-0.5313754918265534,5,4,0.11563274246542506,2,-0.3711234332535696,3,-0.03039411025027903
AMD,2026-02-03 14:45:00+00:00,2026-02-03 15:45:00+00:00,246.27,242.47,4.060583911966541,1000.0,5,-15.450218865472834,-1.5450218865472833,,trend_pullback_fixed_bars_exit,False,False,0.05,trend_pullback,2026-02-03 09:30:00-05:00,09:00,open_30m,2026-02,2026-02-03,BUY,trend_pullback_entry,,,,245.92,247.72666666666666,243.8764,0.007499999999993179,0.007101745302785563,48.15950920245399,mid_vol,20.97245125446802,mixed,bearish,0.0,246.22,246.27,-1.1148566322800766,-1.1572361229544867,-1.4661684672244273,-1.508476631339579,-1.120948745024771,-1.1633269988224357,-1.4133701567703638,-1.455689040484026,-0.1685484526033596,-0.21112007146628003,5,245.92,0.14232270657125193,-1.1349332033946546,-1.1572361229544867,-1.4861737117797524,-1.508476631339579,-1.1410240792625987,-1.1633269988224357,-1.4333861209241894,-1.455689040484026,-0.18881715190644552,-0.21112007146628003,0.6334510902667813,-1.802899256913143,1,2,-0.21112007146628003,5,-1.508476631339579,2,-1.508476631339579
JPM,2026-02-03 18:30:00+00:00,2026-02-03 19:30:00+00:00,310.15000000000003,310.59999999999997,3.2242463324197965,1000.0,5,1.430910849588713,0.1430910849588713,,trend_pullback_fixed_bars_exit,False,False,0.05,trend_pullback,2026-02-03 13:15:00-05:00,13:00,midday,2026-02,2026-02-03,BUY,trend_pullback_entry,,,,310.02,313.19066666666663,309.03340000000003,0.7250000000000227,0.003932282174198942,86.51026392961877,high_vol,26.691834591012572,trend,bullish,0.0,310.1,310.15000000000003,0.15156401160914879,0.1172971142995152,-0.04192196065785084,-0.07615766564565547,0.19509835536922326,0.1608244397871772,0.024185746533372663,-0.010060615831059749,0.47565301515639014,0.4413338707077059,5,310.02,0.04193277853043426,0.13541834596161825,0.1172971142995152,-0.05803643398355853,-0.07615766564565547,0.17894567144928258,0.1608244397871772,0.008060615831042159,-0.010060615831059749,0.4594551023698063,0.4413338707077059,0.4594551023698063,-0.31758826374335436,5,3,0.4413338707077059,5,-0.07615766564565547,2,-0.07615766564565547
HON,2026-02-03 18:45:00+00:00,2026-02-03 19:45:00+00:00,229.66000000000003,229.185,4.354262823304015,1000.0000000000001,5,-2.088274841069392,-0.2088274841069392,,trend_pullback_fixed_bars_exit,False,False,0.05,trend_pullback,2026-02-03 13:30:00-05:00,13:00,afternoon,2026-02,2026-02-03,BUY,trend_pullback_entry,,,,229.76,230.754,228.1929,0.36810000000002674,0.0029273772422172494,44.15204678362573,mid_vol,35.31357376602419,trend,bullish,0.0,229.61,229.66000000000003,-0.13936675231915926,-0.18487903857877652,-0.19380688994382717,-0.23930732387007084,-0.2134053394887022,-0.2589015065749436,-0.14589956883411348,-0.19141043281372278,-0.20033970645878138,-0.24583871810502844,5,229.76,-0.043523676880207994,-0.16110772446226287,-0.18487903857877652,-0.21553600975356305,-0.23930732387007084,-0.2351301924584257,-0.2589015065749436,-0.16763911869721296,-0.19141043281372278,-0.22206740398851313,-0.24583871810502844,0.013062788469900161,-0.3918836540973762,1,2,-0.18487903857877652,1,-0.2589015065749436,3,-0.18487903857877652
HON,2026-02-03 20:00:00+00:00,2026-02-04 14:30:00+00:00,229.49,233.45,4.35748834371868,1000.0,5,17.235653841125895,1.7235653841125895,,trend_pullback_fixed_bars_exit,False,False,0.05,trend_pullback,2026-02-03 14:45:00-05:00,14:00,afternoon,2026-02,2026-02-03,BUY,trend_pullback_entry,,,,229.15,230.27866666666665,228.4016,0.20869999999999322,0.002585810566141009,34.5821325648415,mid_vol,25.572765641452502,trend,bullish,0.0,229.44,229.49,-0.04794281729427529,-0.09350725521809408,0.24843096234309328,0.20280195215476626,0.3138075313807527,0.26816427731054093,0.675557880055793,0.6298358098391987,2.615062761506276,2.5689181227940026,5,229.15,0.14837442723107283,-0.0697198134994974,-0.09350725521809408,0.22658939387336344,0.20280195215476626,0.29195171902914613,0.26816427731054093,0.6536232515578021,0.6298358098391987,2.59270556451261,2.5689181227940026,2.59270556451261,-0.1132946969366941,5,1,2.5689181227940026,5,-0.09350725521809408,1,-0.09350725521809408
HON,2026-02-04 18:30:00+00:00,2026-02-04 19:30:00+00:00,234.64000000000001,233.83999999999997,4.261847937265598,1000.0,5,-3.4294783498127117,-0.3429478349812712,,trend_pullback_fixed_bars_exit,False,False,0.05,trend_pullback,2026-02-04 13:15:00-05:00,13:00,midday,2026-02,2026-02-04,BUY,trend_pullback_entry,,,,234.88,235.453,231.463,0.8386999999999887,0.0032963365292250652,57.22070844686648,mid_vol,28.45665215695406,trend,bullish,0.0,234.59,234.64000000000001,-0.37938531054180263,-0.4239229457893089,-0.5093993776375775,-0.5539093078759038,-0.3708597979453534,-0.41539924991477617,-0.44545803316425076,-0.48998158881693143,-0.26429089048979265,-0.30885305148314046,5,234.88,-0.10217983651225335,-0.4006137061029774,-0.4239229457893089,-0.530600068189569,-0.5539093078759038,-0.39209001022844175,-0.41539924991477617,-0.4666723491305946,-0.48998158881693143,-0.2855438117968019,-0.30885305148314046,0.0,-0.6137061029662573,0,3,-0.30885305148314046,5,-0.5539093078759038,2,-0.5539093078759038
JPM,2026-02-04 18:45:00+00:00,2026-02-04 19:45:00+00:00,316.85,316.62,3.1560675398453526,1000.0,5,-0.7458955341644469,-0.07458955341644469,,trend_pullback_fixed_bars_exit,False,False,0.05,trend_pullback,2026-02-04 13:30:00-05:00,13:00,afternoon,2026-02,2026-02-04,BUY,trend_pullback_entry,,,,316.86,317.65233333333333,313.69989999999996,0.8469999999999231,0.004009670174229584,89.40217391304348,high_vol,27.67796295256113,trend,bullish,0.0,316.8,316.85,-0.16098484848484562,-0.1945201199305643,-0.2714646464646508,-0.30498248382515386,-0.28724747474748263,-0.3207628215243858,-0.034722222222226526,-0.06827741833675417,0.22253787878787376,0.1889420861606368,5,316.86,-0.0031559679353629065,-0.17673978223134046,-0.1945201199305643,-0.287202146125935,-0.30498248382515386,-0.30298248382516535,-0.3207628215243858,-0.05049708063753353,-0.06827741833675417,0.206722423859862,0.1889420861606368,0.24143916679816516,-0.43238125295881474,5,3,0.1889420861606368,5,-0.3207628215243858,3,-0.3207628215243858
HON,2026-02-04 19:45:00+00:00,2026-02-04 20:45:00+00:00,234.065,234.83999999999997,4.272317518637985,1000.0,5,3.291046076944326,0.3291046076944326,,trend_pullback_fixed_bars_exit,False,False,0.05,trend_pullback,2026-02-04 14:30:00-05:00,14:00,afternoon,2026-02,2026-02-04,BUY,trend_pullback_entry,,,,233.97,234.8756666666667,232.13099999999997,0.667999999999978,0.0031181396635610818,48.38709677419355,mid_vol,23.03864282157727,mixed,bullish,0.0,234.015,234.065,0.10255752836357034,0.05781244526092451,0.3055359699164598,0.26074752739623364,0.33758519753008165,0.2927899087860169,0.31621904578766713,0.27142832119282045,0.574749481870832,0.5299035310704312,5,233.97,0.04060349617472277,0.08117403285412075,0.05781244526092451,0.2841091149894226,0.26074752739623364,0.3161514963792148,0.2927899087860169,0.29478990878602,0.27142832119282045,0.5532651186636259,0.5299035310704312,0.7113408668532212,-0.04058701642706038,5,1,0.5299035310704312,5,0.05781244526092451,1,0.05781244526092451
C,2026-02-04 20:00:00+00:00,2026-02-05 14:30:00+00:00,117.86,115.92,8.484642796538266,1000.0,5,-16.480207025284244,-1.6480207025284244,,trend_pullback_fixed_bars_exit,False,False,0.05,trend_pullback,2026-02-04 14:45:00-05:00,14:00,afternoon,2026-02,2026-02-04,BUY,trend_pullback_entry,,,,117.74,118.13033333333333,117.65780000000001,0.07010000000001071,0.005074891441586381,79.89276139410188,high_vol,23.095631317685193,mixed,bullish,0.0,117.81,117.86,0.059417706476524224,-0.027453928389616068,0.3565062388591815,0.26950856948923274,0.23342670401493207,0.14648124893941486,-0.339529751294462,-0.42623213982691366,-1.7655547067311756,-1.8516521296453334,5,117.74,0.10191948360795358,0.016969285593073154,-0.027453928389616068,0.3139317834719197,0.26950856948923274,0.19090446292210614,0.14648124893941486,-0.3818089258442243,-0.42623213982691366,-1.8072289156626467,-1.8516521296453334,0.3987782114372975,-3.835058544035293,3,5,0.26950856948923274,2,-1.8516521296453334,5,-0.027453928389616068
AMD,2026-02-06 19:15:00+00:00,2026-02-06 20:15:00+00:00,206.61,206.915,4.84003678427956,1000.0,5,1.4562112192051018,0.1456211219205102,,trend_pullback_fixed_bars_exit,False,False,0.05,trend_pullback,2026-02-06 14:00:00-05:00,14:00,afternoon,2026-02,2026-02-06,BUY,trend_pullback_entry,,,,206.57,207.47166666666666,199.45950000000002,0.6291000000000224,0.007928978276906286,31.753554502369667,low_vol,44.11638071416095,trend,bearish,0.0,206.56,206.61,0.1428156467854316,0.09238071729342892,-0.1452362509682472,-0.19560147137119657,-0.13313323005422428,-0.18350137941049524,0.19848954298992863,0.14804114031264817,0.63903950426026,0.588484487682092,5,206.57,0.019363896015888303,0.11858090121483766,0.09238071729342892,-0.16940128744979563,-0.19560147137119657,-0.15730119548909396,-0.18350137941049524,0.174241324234057,0.14804114031264817,0.6146846716034954,0.588484487682092,0.6437248923091738,-0.2734620783118078,5,4,0.588484487682092,5,-0.19560147137119657,2,-0.19560147137119657
C,2026-02-06 19:30:00+00:00,2026-02-06 20:30:00+00:00,122.185,121.86,8.184310676433277,1000.0,5,-2.679900969840787,-0.2679900969840787,,trend_pullback_fixed_bars_exit,False,False,0.05,trend_pullback,2026-02-06 14:15:00-05:00,14:00,afternoon,2026-02,2026-02-06,BUY,trend_pullback_entry,,,,122.13,122.35933333333332,118.1023,0.5011999999999972,0.003978833038316721,37.11583924349882,mid_vol,47.35576382296989,trend,bullish,0.0,122.135,122.185,-0.06959512015393454,-0.1534097475140129,-0.020469152986454072,-0.10430388345541815,-0.028656814181038028,-0.11248819413184492,-0.17603471568346782,-0.25980578630764056,0.09415810373766315,0.010276466014659036,5,122.13,0.045033980185054306,-0.11048819413185343,-0.1534097475140129,-0.0613823300732519,-0.10430388345541815,-0.06956664074968937,-0.11248819413184492,-0.21688423292548234,-0.25980578630764056,0.05319801939681444,0.010276466014659036,0.1555019028522304,-0.2659900969840838,5,1,0.010276466014659036,5,-0.25980578630764056,4,-0.25980578630764056
JPM,2026-02-06 20:45:00+00:00,2026-02-09 15:15:00+00:00,322.59000000000003,324.03,3.099910102607024,1000.0,5,4.4438705477539315,0.44438705477539314,,trend_pullback_fixed_bars_exit,False,False,0.05,trend_pullback,2026-02-06 15:30:00-05:00,15:00,afternoon,2026-02,2026-02-06,BUY,trend_pullback_entry,,,,322.465,323.058,315.74330000000003,0.5927000000000362,0.002982063351792047,32.94392523364486,low_vol,47.85227451049115,trend,bullish,0.0,322.54,322.59000000000003,-0.04340546908911862,-0.07639784246258614,0.9254666087926944,0.89232406460211,0.6789855521795739,0.645881211444862,0.48366094127860176,0.4505868749806268,0.9719724685310319,0.9388227161412259,5,322.465,0.03876389685704087,-0.058898291949550374,-0.07639784246258614,0.9098236151151446,0.89232406460211,0.6633807619578989,0.645881211444862,0.46808642549365775,0.4505868749806268,0.9563222666542606,0.9388227161412259,0.9578722217055626,-0.6850801326761636,5,2,0.9388227161412259,5,-0.07639784246258614,1,-0.07639784246258614
JPM,2026-02-09 18:30:00+00:00,2026-02-09 19:30:00+00:00,322.88,323.64,3.097125867195243,1000.0,5,2.333815659068364,0.2333815659068364,,trend_pullback_fixed_bars_exit,False,False,0.05,trend_pullback,2026-02-09 13:15:00-05:00,13:00,midday,2026-02,2026-02-09,BUY,trend_pullback_entry,,,,322.825,324.16066666666666,321.0242,1.3765999999999963,0.003001316399820601,33.48314606741573,mid_vol,30.616255436826442,trend,bullish,0.0,322.83,322.88,0.11925781370999936,0.08626808721505769,0.1393922497909081,0.1063994053518286,0.1858563330545559,0.1528562933597641,0.2725892884800035,0.23957581764121869,0.13319703868909544,0.10020515361743491,5,322.825,0.017037094400993363,0.10375371655103428,0.08626808721505769,0.12388503468780267,0.1063994053518286,0.1703419226957419,0.1528562933597641,0.25706144697720024,0.23957581764121869,0.11769078295341781,0.10020515361743491,0.3159068384539091,-0.12698216055499512,4,1,0.23957581764121869,4,0.08626808721505769,1,0.08626808721505769
C,2026-02-10 14:45:00+00:00,2026-02-10 15:45:00+00:00,124.11,123.88000000000001,8.057368463459834,1000.0,5,-1.8731947465955727,-0.18731947465955728,,trend_pullback_fixed_bars_exit,False,False,0.05,trend_pullback,2026-02-10 09:30:00-05:00,09:00,open_30m,2026-02,2026-02-10,BUY,trend_pullback_entry,,,,124.05,124.56099999999999,123.37299999999999,0.5429999999999922,0.003628326198100991,31.79824561403509,low_vol,32.44703985087526,trend,bullish,0.0,124.06,124.11,0.11284862163469334,0.030229473853853505,-0.1853941641141415,-0.2678931592941694,-0.060454618732873486,-0.1430039481105382,0.032242463324191555,-0.05034421078075865,-0.5561824923424131,-0.6385321086133103,5,124.05,0.04836759371221465,0.07251631617114125,0.030229473853853505,-0.22560631697687628,-0.2678931592941694,-0.10071710579324791,-0.1430039481105382,-0.008057368463463957,-0.05034421078075865,-0.5962452662960236,-0.6385321086133103,0.5076142131979658,-0.6929336878575453,1,5,0.030229473853853505,1,-0.6385321086133103,5,0.030229473853853505
HON,2026-02-11 15:00:00+00:00,2026-02-11 16:00:00+00:00,242.995,239.695,4.11531101462993,999.9999999999999,5,-13.60052634827889,-1.3600526348278892,,trend_pullback_fixed_bars_exit,False,False,0.05,trend_pullback,2026-02-11 09:45:00-05:00,09:00,open_30m,2026-02,2026-02-11,BUY,trend_pullback_entry,,,,242.89,243.761,241.71200000000002,0.4411000000000058,0.0021753055251204473,26.91511387163561,low_vol,40.00167020459281,trend,bullish,0.0,242.945,242.995,-0.9693552038527197,-1.012308854091657,-1.3994937125686908,-1.4423588551204944,-1.21220852456317,-1.2551122039548204,-1.2780670522134598,-1.3209571801889068,-0.9611228878964292,-1.0040782320623975,5,242.89,0.043229445427979,-0.9897322990184988,-1.012308854091657,-1.419782300047333,-1.4423588551204944,-1.2325356488816661,-1.2551122039548204,-1.2983806251157435,-1.3209571801889068,-0.9815016769892347,-1.0040782320623975,0.010288277536577165,-1.5555875635301142,1,3,-1.0040782320623975,5,-1.4423588551204944,2,-1.4423588551204944
C,2026-02-18 18:30:00+00:00,2026-02-18 19:30:00+00:00,116.045,115.78,8.617346718945237,1000.0,5,-2.3035968805204448,-0.2303596880520445,,trend_pullback_fixed_bars_exit,False,False,0.05,trend_pullback,2026-02-18 13:15:00-05:00,13:00,midday,2026-02,2026-02-18,BUY,trend_pullback_entry,,,,115.97,116.59766666666665,114.069,0.5785000000000053,0.004086758912864616,31.764705882352942,low_vol,44.31430516005508,trend,bearish,0.0,115.995,116.045,-0.07327902064744857,-0.16142091430048142,-0.15517910254752948,-0.24328570813046327,-0.1250053881632917,-0.21312499461415657,-0.2198370619423334,-0.30791580852255723,-0.2198370619423334,-0.30791580852255723,5,115.97,0.06467189790463296,-0.1163341807057651,-0.16142091430048142,-0.19819897453574384,-0.24328570813046327,-0.16803826101943847,-0.21312499461415657,-0.2628290749278356,-0.30791580852255723,-0.2628290749278356,-0.30791580852255723,0.1464948942220705,-0.3877806023525381,1,5,-0.16142091430048142,1,-0.30791580852255723,4,-0.16142091430048142
JPM,2026-02-18 19:00:00+00:00,2026-02-18 20:00:00+00:00,309.69,309.90999999999997,3.229035487100003,1000.0,5,0.6903878071618692,0.06903878071618692,,trend_pullback_fixed_bars_exit,False,False,0.05,trend_pullback,2026-02-18 13:45:00-05:00,13:00,afternoon,2026-02,2026-02-18,BUY,trend_pullback_entry,,,,309.52,310.804,307.4987,0.7669999999999959,0.002837700700860226,20.703125,low_vol,39.15363488158796,trend,bearish,0.0,309.64,309.69,-0.011303449166764038,-0.04559197907584576,0.033910347500328834,-0.000385482256456271,0.03068079059553911,-0.00361451774355146,0.025836455238354518,-0.008458070974199927,0.054902467381480406,0.02060324840969088,5,309.52,0.05492375290773324,-0.02744680164034342,-0.04559197907584576,0.01775969517905222,-0.000385482256456271,0.014530659691955154,-0.00361451774355146,0.009687106461309554,-0.008458070974199927,0.03874842584520151,0.02060324840969088,0.2276470018405451,-0.08556944040814568,5,2,0.02060324840969088,5,-0.04559197907584576,1,-0.04559197907584576
C,2026-02-18 19:45:00+00:00,2026-02-18 20:45:00+00:00,115.91,115.77,8.627383314640669,999.9999999999999,5,-1.22783366404974,-0.12278336640497402,,trend_pullback_fixed_bars_exit,False,False,0.05,trend_pullback,2026-02-18 14:30:00-05:00,14:00,afternoon,2026-02,2026-02-18,BUY,trend_pullback_entry,,,,115.74,116.35933333333332,114.605,0.5360000000000014,0.003651594823315606,20.0,low_vol,33.572669061387835,trend,bearish,0.0,115.86,115.91,-0.1510443638874479,-0.2392530411526195,0.021577766269640673,-0.06670537485980503,-0.1467288106335247,-0.23493934949530057,-0.030208872777487128,-0.1184696747476437,0.3409287070602417,0.2525078077818989,5,115.74,0.14688094003801774,-0.19411612457941016,-0.2392530411526195,-0.021568458286594316,-0.06670537485980503,-0.18980243292209376,-0.23493934949530057,-0.0733327581744403,-0.1184696747476437,0.2976447243551021,0.2525078077818989,0.37097748252955465,-0.34078164092830304,5,1,0.2525078077818989,5,-0.2392530411526195,1,-0.2392530411526195
HON,2026-02-23 15:30:00+00:00,2026-02-23 16:30:00+00:00,243.20000000000002,242.91,4.1118421052631575,1000.0,5,-1.2124342105264532,-0.12124342105264531,,trend_pullback_fixed_bars_exit,False,False,0.05,trend_pullback,2026-02-23 10:15:00-05:00,10:00,open_30m,2026-02,2026-02-23,BUY,trend_pullback_entry,,,,242.905,243.76333333333332,242.13099999999997,0.2630999999999517,0.002839317091545358,52.40963855421687,mid_vol,26.58777739814673,trend,bullish,0.0,243.15,243.20000000000002,-0.10487353485502589,-0.14797039473685344,-0.03290150113099424,-0.07601315789474938,-0.201521694427312,-0.24459868421054126,-0.1974090067859421,-0.24048684210528107,-0.1274933168825837,-0.1705855263158014,5,242.905,0.12144665610012799,-0.1254111842105291,-0.14797039473685344,-0.05345394736843087,-0.07601315789474938,-0.22203947368421895,-0.24459868421054126,-0.2179276315789595,-0.24048684210528107,-0.14802631578947928,-0.1705855263158014,0.0,-0.2837171052631686,0,4,-0.07601315789474938,2,-0.24459868421054126,3,-0.14797039473685344
AMD,2026-02-24 20:15:00+00:00,2026-02-25 14:45:00+00:00,213.68,211.7,4.679895170348184,999.9999999999999,5,-9.286192437289515,-0.9286192437289515,,trend_pullback_fixed_bars_exit,False,False,0.05,trend_pullback,2026-02-24 15:00:00-05:00,15:00,afternoon,2026-02,2026-02-24,BUY,trend_pullback_entry,,,,213.84,214.4,204.0133,1.432299999999998,0.007732962687070864,53.10077519379845,mid_vol,51.73826448139854,trend,bullish,0.0,213.63,213.68,-0.2668164583625864,-0.31555297641334623,0.2855404203529531,0.23667465368774854,0.1919206104011593,0.14307675028077257,-0.8519402705612475,-0.900539872706861,-0.6717221364040642,-0.72036390864846,5,213.84,-0.07482229704451766,-0.29015350056158956,-0.31555297641334623,0.2620741295394994,0.23667465368774854,0.16847622613252772,0.14307675028077257,-0.8751403968551126,-0.900539872706861,-0.6949644327967117,-0.72036390864846,1.2635716959940044,-1.5537251965555938,4,4,0.23667465368774854,2,-0.900539872706861,4,-0.31555297641334623
AMD,2026-02-25 15:00:00+00:00,2026-02-25 16:00:00+00:00,212.24,211.23499999999999,4.711647191858273,1000.0,5,-4.755205427817714,-0.47552054278177136,,trend_pullback_fixed_bars_exit,False,False,0.05,trend_pullback,2026-02-25 09:45:00-05:00,09:00,open_30m,2026-02,2026-02-25,BUY,trend_pullback_entry,,,,212.195,214.25333333333336,205.4486,1.4353000000000122,0.00929931125874313,73.53535353535354,high_vol,41.70291745381299,trend,bullish,0.0,212.19,212.24,0.41000989679061434,0.36079683377307675,0.7304774023281075,0.6811888428194494,0.18144116122342754,0.1322819449679514,-0.3675950798812391,-0.41662495288353507,-0.31104199066873867,-0.3600851865812387,5,212.195,0.021206908739610224,0.3863550697323752,0.36079683377307675,0.706747078778741,0.6811888428194494,0.15784018092724253,0.1322819449679514,-0.3910667169242426,-0.41662495288353507,-0.33452695062194115,-0.3600851865812387,0.8316057293629788,-0.6784771956275903,2,4,0.6811888428194494,2,-0.41662495288353507,4,0.36079683377307675
AMD,2026-02-25 16:15:00+00:00,2026-02-25 17:15:00+00:00,211.60000000000002,212.32999999999998,4.725897920604915,1000.0000000000001,5,3.4299054820414767,0.3429905482041476,,trend_pullback_fixed_bars_exit,False,False,0.05,trend_pullback,2026-02-25 11:00:00-05:00,11:00,morning,2026-02,2026-02-25,BUY,trend_pullback_entry,,,,211.53,213.18266666666665,207.0453,1.5966999999999985,0.008593735363629456,61.4,mid_vol,31.16047723493131,trend,bullish,0.0,211.55,211.60000000000002,0.23635074450484517,0.18703591682419754,1.037579768376267,0.9880756143667213,0.18435358071377278,0.13505103969753235,0.41361380288347904,0.36425708884687535,0.5908768612621129,0.5414782608695646,5,211.53,0.03309223278023051,0.2126654064272158,0.18703591682419754,1.0137051039697456,0.9880756143667213,0.16068052930055526,0.13505103969753235,0.38988657844990005,0.36425708884687535,0.5671077504725843,0.5414782608695646,1.1129489603024525,-0.30718336483933556,2,1,0.9880756143667213,2,0.13505103969753235,3,0.18703591682419754
HON,2026-03-02 14:45:00+00:00,2026-03-02 15:45:00+00:00,243.405,245.95,4.108379039050143,1000.0,5,10.4358246543826,1.04358246543826,,trend_pullback_fixed_bars_exit,False,False,0.05,trend_pullback,2026-03-02 09:30:00-05:00,09:00,open_30m,2026-03,2026-03-02,BUY,trend_pullback_entry,,,,242.09,243.04633333333334,241.9751,0.07230000000001269,0.00257148789332853,47.05882352941177,mid_vol,21.653025271662692,mixed,bullish,0.0,243.355,243.405,0.20340654599248198,0.16028097204248298,1.2101662180764816,1.1668338366097715,0.9656674405703695,0.9223852837862864,0.9492305479649082,0.9059517676300742,0.8526638039078783,0.8094048602124075,5,242.09,0.5431864182741947,0.18282286723772856,0.16028097204248298,1.1893757318050207,1.1668338366097715,0.9449271789815374,0.9223852837862864,0.9284936628253285,0.9059517676300742,0.8319467554076563,0.8094048602124075,1.246893038351717,-0.13352231876912496,2,1,1.1668338366097715,2,0.16028097204248298,1,0.16028097204248298
HON,2026-03-03 16:15:00+00:00,2026-03-03 17:15:00+00:00,244.83,244.89999999999998,4.084466772862802,999.9999999999999,5,0.26591267410015007,0.02659126741001501,,trend_pullback_fixed_bars_exit,False,False,0.05,trend_pullback,2026-03-03 11:00:00-05:00,11:00,morning,2026-03,2026-03-03,BUY,trend_pullback_entry,,,,244.775,245.4633333333333,244.7011,0.11549999999999727,0.004208921066700175,100.0,high_vol,29.38423855582418,trend,bullish,0.0,244.78,244.83,0.028597107606827835,-0.014253400318614239,0.04902361304028293,0.006168933545711752,-0.1429855380341508,-0.18580100477884118,-0.051066263583626106,-0.09390050238943104,0.7271835934308363,0.6841904178409323,5,244.775,0.02246961495251019,0.008168933545718175,-0.014253400318614239,0.028591267410036834,0.006168933545711752,-0.1633786709145144,-0.18580100477884118,-0.07147816852510369,-0.09390050238943104,0.7066127517052606,0.6841904178409323,0.7127394518645493,-0.2899971408732622,5,2,0.6841904178409323,5,-0.18580100477884118,3,-0.18580100477884118
AMD,2026-03-05 14:45:00+00:00,2026-03-05 15:45:00+00:00,200.49,201.14999999999998,4.9877799391490845,1000.0,5,3.2719347598382456,0.32719347598382453,,trend_pullback_fixed_bars_exit,False,False,0.05,trend_pullback,2026-03-05 09:30:00-05:00,09:00,open_30m,2026-03,2026-03-05,BUY,trend_pullback_entry,,,,200.56,201.42366666666666,195.6255,0.771899999999988,0.006487262612527334,25.963488843813387,low_vol,48.58276475150309,trend,bearish,0.0,200.44,200.49,0.66354021153463,0.6114969325153311,1.2023548193973241,1.1501771659434212,0.08481341049691475,0.032914459574044486,0.39163839552983265,0.33966292583170343,0.9379365396128495,0.8858248291685186,5,200.56,-0.03490227363382189,0.6384358322110835,0.6114969325153311,1.1771160656391766,1.1501771659434212,0.05985335926979128,0.032914459574044486,0.36660182552745035,0.33966292583170343,0.9127637288642746,0.8858248291685186,1.601077360466846,-0.4638635343408683,1,4,1.1501771659434212,2,0.032914459574044486,3,0.6114969325153311
AMD,2026-03-05 16:30:00+00:00,2026-03-05 17:30:00+00:00,200.95000000000002,199.42,4.976362279173923,999.9999999999999,5,-7.633834287136324,-0.7633834287136325,,trend_pullback_fixed_bars_exit,False,False,0.05,trend_pullback,2026-03-05 11:15:00-05:00,11:00,morning,2026-03,2026-03-05,BUY,trend_pullback_entry,,,,200.86,201.55666666666667,197.2452,1.0893000000000086,0.007599639561805619,54.0,mid_vol,31.067982368054743,trend,bullish,0.0,200.9,200.95000000000002,0.46291687406670323,0.4110380691714226,0.28870084619212744,0.23686538940032734,0.16923842707815,0.11743269470015322,-0.4878048780487895,-0.5394471261508101,-2.0009955201592886,-2.0522612590196787,5,200.86,0.044807328487505425,0.437919880567303,0.4110380691714226,0.26374720079620434,0.23686538940032734,0.14431450609603982,0.11743269470015322,-0.5125653147549288,-0.5394471261508101,-2.0253794476237976,-2.0522612590196787,0.8459815874595613,-2.0602139835780116,3,5,0.4110380691714226,1,-2.0522612590196787,5,0.4110380691714226
AMD,2026-03-10 18:15:00+00:00,2026-03-10 19:15:00+00:00,204.235,204.29,4.8963204152079705,999.9999999999999,5,0.24929762283625223,0.024929762283625225,,trend_pullback_fixed_bars_exit,False,False,0.05,trend_pullback,2026-03-10 14:00:00-04:00,14:00,afternoon,2026-03,2026-03-10,BUY,trend_pullback_entry,,,,204.02,204.788,199.11860000000001,0.8422999999999945,0.006145009379950032,21.135029354207436,low_vol,36.577257081052615,trend,bullish,0.0,204.185,204.235,-0.031833876141733095,-0.08278928685094797,-0.1885544971471905,-0.23947154013759472,-0.291402404682028,-0.34229426885697195,0.05142395376741179,0.00044816020757707523,-0.24732473002424046,-0.2982273851200944,5,204.02,0.10538182531124565,-0.05630768477489612,-0.08278928685094797,-0.21298993806154787,-0.23947154013759472,-0.3158126667809191,-0.34229426885697195,0.026929762283633262,0.00044816020757707523,-0.27174578304404573,-0.2982273851200944,0.22767889930715837,-0.5018728425588198,1,1,0.00044816020757707523,4,-0.34229426885697195,3,-0.34229426885697195
JPM,2026-03-10 18:15:00+00:00,2026-03-10 19:15:00+00:00,289.74,289.57,3.451370193967005,1000.0,5,-0.6067329329744098,-0.06067329329744098,,trend_pullback_fixed_bars_exit,False,False,0.05,trend_pullback,2026-03-10 14:00:00-04:00,14:00,afternoon,2026-03,2026-03-10,BUY,trend_pullback_entry,,,,289.78,290.905,287.2438,0.35940000000005057,0.004523294295680203,59.49119373776908,mid_vol,26.146503273389094,trend,bearish,0.0,289.69,289.74,0.21747385135834704,0.1809226202802506,0.027615727156610197,-0.008902740387941322,0.006903931789147643,-0.029610961551748007,-0.024163761262036374,-0.06067329329744098,-0.20884393662191245,-0.2453215986746841,5,289.78,-0.01380357512594507,0.2001794712500808,0.1809226202802506,0.010354110581891597,-0.008902740387941322,-0.010354110581911215,-0.029610961551748007,-0.04141644232760563,-0.06067329329744098,-0.22606474770484902,-0.2453215986746841,0.4020846275971435,-0.3520397597846282,2,1,0.1809226202802506,1,-0.2453215986746841,5,0.1809226202802506
C,2026-03-10 18:30:00+00:00,2026-03-10 19:30:00+00:00,109.715,109.23,9.114523993984413,999.9999999999999,5,-4.440544137082497,-0.4440544137082498,,trend_pullback_fixed_bars_exit,False,False,0.05,trend_pullback,2026-03-10 14:15:00-04:00,14:00,afternoon,2026-03,2026-03-10,BUY,trend_pullback_entry,,,,109.63,109.94333333333334,106.23639999999999,0.4333999999999918,0.0066397132652083425,74.8046875,high_vol,43.26819677596476,trend,bullish,0.0,109.665,109.715,-0.0547120776911524,-0.14783238390375572,0.07750877672912392,-0.015671785990980423,-0.08206811653672859,-0.17517595588570886,-0.2781197282633537,-0.37113822175637096,-0.23252633018739766,-0.3255656017864567,5,109.63,0.07753352184621724,-0.10025976393382803,-0.14783238390375572,0.03190083397894234,-0.015671785990980423,-0.1276033359157823,-0.17517595588570886,-0.32356560178645033,-0.37113822175637096,-0.27799298181653087,-0.3255656017864567,0.4055963177323002,-0.41471084172628925,1,5,-0.015671785990980423,2,-0.37113822175637096,4,-0.14783238390375572
HON,2026-03-10 19:30:00+00:00,2026-03-11 14:00:00+00:00,240.935,239.13,4.150497022018387,1000.0,5,-7.511647124743149,-0.7511647124743148,,trend_pullback_fixed_bars_exit,False,False,0.05,trend_pullback,2026-03-10 15:15:00-04:00,15:00,afternoon,2026-03,2026-03-10,BUY,trend_pullback_entry,,,,241.21,243.83233333333334,238.5094,0.8196999999999832,0.004031446794715543,91.86046511627907,high_vol,41.070311811835715,trend,bullish,0.0,240.885,240.935,0.5791145152251117,0.5354893643513833,-0.11001100110010434,-0.1534931413036702,-0.6579903273346118,-0.7013587482101002,-0.9859476513689106,-1.0292480129495516,-1.0067044440293016,-1.0500004980596374,5,241.21,-0.11400854027611029,0.5582418494614726,0.5354893643513833,-0.13074065619357822,-0.1534931413036702,-0.6786062631000025,-0.7013587482101002,-1.0064955278394634,-1.0292480129495516,-1.0272480129495483,-1.0500004980596374,0.608047813725695,-1.407018490464239,2,4,0.5354893643513833,1,-1.0500004980596374,5,0.5354893643513833
C,2026-03-10 19:45:00+00:00,2026-03-11 14:15:00+00:00,109.39,108.295,9.141603437242892,1000.0,5,-10.030055763780979,-1.0030055763780978,,trend_pullback_fixed_bars_exit,False,False,0.05,trend_pullback,2026-03-10 15:30:00-04:00,15:00,afternoon,2026-03,2026-03-10,BUY,trend_pullback_entry,,,,109.41,109.86066666666667,106.6426,0.40620000000001255,0.005882380200031527,56.479690522243715,mid_vol,33.60030231447434,trend,bullish,0.0,109.34,109.39,-0.33382110846900415,-0.42708455983179194,-0.8048289738430671,-0.8978771368498087,-0.8231205414304058,-0.9161603437242889,-0.8779952441924345,-0.9710099643477407,-1.5959392719956143,-1.6886258341713072,5,109.41,-0.01827986472899737,-0.37937654264558573,-0.42708455983179194,-0.8501691196635953,-0.8978771368498087,-0.8684523265380775,-0.9161603437242889,-0.9233019471615369,-0.9710099643477407,-1.6409178169851009,-1.6886258341713072,0.13712405155864857,-1.736904653076155,2,5,-0.42708455983179194,1,-1.6886258341713072,5,-0.42708455983179194
C,2026-03-11 14:30:00+00:00,2026-03-11 15:30:00+00:00,107.63,107.99000000000001,9.2910898448388,999.9999999999999,5,3.324792344141997,0.33247923441419974,,trend_pullback_fixed_bars_exit,False,False,0.05,trend_pullback,2026-03-11 10:15:00-04:00,10:00,open_30m,2026-03,2026-03-11,BUY,trend_pullback_entry,,,,107.595,109.40133333333333,107.2088,0.5661999999999949,0.0068531497481171665,75.20161290322581,high_vol,26.739575430143084,trend,bearish,0.0,107.58,107.63,1.031790295593976,0.9364000743287193,1.4361405465699961,1.3405624825792075,0.6134969325153342,0.5183010313109663,0.5205428518311974,0.425390132862583,0.21379438557353037,0.11878416798290345,5,107.595,0.032529392629765876,0.9848555235529148,0.9364000743287193,1.3890179318034048,1.3405624825792075,0.5667564805351663,0.5183010313109663,0.47384558208678357,0.425390132862583,0.16723961720710473,0.11878416798290345,1.5887763634674423,-0.06968317383628043,3,1,1.3405624825792075,2,0.11878416798290345,5,0.9364000743287193
HON,2026-03-11 14:45:00+00:00,2026-03-11 15:45:00+00:00,239.81,239.61999999999998,4.1699678912472375,1000.0,5,-0.8122938993369644,-0.08122938993369644,,trend_pullback_fixed_bars_exit,False,False,0.05,trend_pullback,2026-03-11 10:30:00-04:00,10:00,morning,2026-03,2026-03-11,BUY,trend_pullback_entry,,,,240.08,241.89800000000002,239.5767,0.6694999999999709,0.00471425933644281,97.98792756539235,high_vol,38.77431374178,trend,bearish,0.0,239.76,239.81,0.3128128128128128,0.26904791293106883,0.24190857524191378,0.19815845877986932,0.07507507507507792,0.03135974312997405,0.06464798131464845,0.020934823401853462,0.02085418752085893,-0.022849839456239352,5,240.08,-0.11246251249583897,0.29189775238730187,0.26904791293106883,0.22100829823610404,0.19815845877986932,0.05420958258621219,0.03135974312997405,0.043784662858091725,0.020934823401853462,0.0,-0.022849839456239352,0.2981527042241789,-0.20015845877986313,1,3,0.26904791293106883,1,-0.022849839456239352,5,0.26904791293106883
AMD,2026-03-17 15:15:00+00:00,2026-03-17 16:15:00+00:00,197.28500000000003,195.98999999999998,5.068809083305877,1000.0,5,-6.584107762881331,-0.658410776288133,,trend_pullback_fixed_bars_exit,False,False,0.05,trend_pullback,2026-03-17 11:00:00-04:00,11:00,morning,2026-03,2026-03-17,BUY,trend_pullback_entry,,,,197.09,197.811,196.5392,0.25629999999998176,0.006231984997943936,32.06412825651302,low_vol,20.63419421759655,mixed,bearish,0.0,197.235,197.28500000000003,-0.47405379369787426,-0.5266217401221639,-0.565315486602281,-0.6178603036216714,-0.4487033234466597,-0.5012776947056409,-0.6844626967830368,-0.7369773170793679,-0.43349304129592525,-0.4860712674557248,5,197.09,0.09893957075448861,-0.49927769470563577,-0.5266217401221639,-0.590516258205145,-0.6178603036216714,-0.473933649289115,-0.5012776947056409,-0.7096332716628401,-0.7369773170793679,-0.45872722203919686,-0.4860712674557248,0.09884177712444672,-1.0264338393694572,1,2,-0.4860712674557248,5,-0.7369773170793679,4,-0.7369773170793679
AMD,2026-03-20 14:00:00+00:00,2026-03-20 15:00:00+00:00,202.20000000000002,201.76,4.945598417408506,1000.0000000000001,5,-2.1960633036597983,-0.21960633036597982,,trend_pullback_fixed_bars_exit,False,False,0.05,trend_pullback,2026-03-20 09:45:00-04:00,09:00,open_30m,2026-03,2026-03-20,BUY,trend_pullback_entry,,,,202.06,202.676,200.46189999999999,0.6327999999999747,0.007692206428107949,78.74493927125506,high_vol,21.32500417277003,mixed,bullish,0.0,202.15,202.20000000000002,-0.6628741033885746,-0.7141661721068316,-1.1278753400939903,-1.1790524233432278,-0.4946821667078901,-0.5460158259149352,-0.5540440267128393,-0.6053630069238466,0.07420232500618633,0.02272799208703873,5,202.06,0.0692863505889413,-0.6874381800197896,-0.7141661721068316,-1.1523244312561882,-1.1790524233432278,-0.5192878338278988,-0.5460158259149352,-0.578635014836803,-0.6053630069238466,0.04945598417408224,0.02272799208703873,0.11127596439168858,-1.2215628090999144,5,2,0.02272799208703873,5,-1.1790524233432278,2,-1.1790524233432278
C,2026-03-20 14:30:00+00:00,2026-03-20 15:30:00+00:00,109.325,109.45,9.147038646238281,1000.0000000000001,5,1.123379830779868,0.11233798307798677,,trend_pullback_fixed_bars_exit,False,False,0.05,trend_pullback,2026-03-20 10:15:00-04:00,10:00,open_30m,2026-03,2026-03-20,BUY,trend_pullback_entry,,,,109.215,109.533,108.95309999999999,0.13459999999999184,0.006368909070269935,71.7741935483871,high_vol,24.850317152310406,mixed,bullish,0.0,109.275,109.325,0.4621368107984401,0.36845506517265675,0.26080988332189114,0.16722021495542094,0.5261953786318816,0.4324843356963243,0.1509951956074052,0.057455751200552636,0.7504003660489528,0.6565867825291661,5,109.215,0.10071876573730662,0.4161902584038402,0.36845506517265675,0.21495540818659906,0.16722021495542094,0.4802195289275019,0.4324843356963243,0.10519094443173554,0.057455751200552636,0.7043219757603439,0.6565867825291661,0.9650125771781318,-0.0457351932311888,4,1,0.6565867825291661,5,0.057455751200552636,4,0.057455751200552636
C,2026-03-20 18:30:00+00:00,2026-03-20 19:30:00+00:00,109.97,109.53,9.09338910611985,1000.0,5,-4.021091206692745,-0.40210912066927446,,trend_pullback_fixed_bars_exit,False,False,0.05,trend_pullback,2026-03-20 14:15:00-04:00,14:00,afternoon,2026-03,2026-03-20,BUY,trend_pullback_entry,,,,109.86,110.27333333333333,109.43430000000001,0.14740000000000464,0.005174580677423786,37.890625,mid_vol,39.58192802418462,trend,bullish,0.0,109.92,109.97,-0.3411572052401747,-0.43393598254068594,-0.1592066957787456,-0.25206820041828454,-0.20924308588064405,-0.3020818405019554,-0.3275109170305672,-0.4202958988815112,-0.5049126637554647,-0.5976169864508506,5,109.86,0.10012743491716679,-0.3864690370100911,-0.43393598254068594,-0.20460125488769146,-0.25206820041828454,-0.25461489497135686,-0.3020818405019554,-0.3728289533509108,-0.4202958988815112,-0.5501500409202547,-0.5976169864508506,0.0,-1.0002728016731786,0,5,-0.25206820041828454,2,-0.5976169864508506,5,-0.43393598254068594
JPM,2026-03-20 18:30:00+00:00,2026-03-20 19:30:00+00:00,287.61,286.88,3.4769305656966027,1000.0,5,-2.558159312958651,-0.25581593129586505,,trend_pullback_fixed_bars_exit,False,False,0.05,trend_pullback,2026-03-20 14:15:00-04:00,14:00,afternoon,2026-03,2026-03-20,BUY,trend_pullback_entry,,,,287.59,288.1453333333333,287.1576,0.03669999999999618,0.0037423481663240482,30.2734375,low_vol,20.157196952255735,mixed,bullish,0.0,287.56,287.61,-0.013910140492426091,-0.05067702791976672,-0.06607316733898934,-0.10283098640520622,-0.16692168590903403,-0.20366197281041423,-0.24342745861732806,-0.2801544452557323,-0.25386006398665256,-0.2905852369528361,5,287.59,0.006954344726881553,-0.031292375091280494,-0.05067702791976672,-0.08344633357672164,-0.10283098640520622,-0.18427731998193025,-0.20366197281041423,-0.2607697924272452,-0.2801544452557323,-0.2712005841243453,-0.2905852369528361,0.05563088905113458,-0.6814783908765468,3,5,-0.05067702791976672,1,-0.2905852369528361,5,-0.05067702791976672
AMD,2026-03-23 17:30:00+00:00,2026-03-23 18:30:00+00:00,203.72,204.64999999999998,4.90869821323385,1000.0,5,4.5450893383074344,0.4545089338307435,,trend_pullback_fixed_bars_exit,False,False,0.05,trend_pullback,2026-03-23 13:15:00-04:00,13:00,midday,2026-03,2026-03-23,BUY,trend_pullback_entry,,,,203.57,205.17766666666665,202.75459999999998,0.30109999999999104,0.007564903656808678,73.87033398821218,high_vol,20.923751927081547,mixed,bullish,0.0,203.67,203.72,0.2234005990082057,0.17225878656979604,0.5106299405901804,0.45941763204398284,0.5351794569646995,0.48396112311014583,0.4173417783669774,0.36615236599253653,0.9328816222320448,0.8815656783820828,5,203.57,0.07368472761212638,0.19880227763597152,0.17225878656979604,0.4859611231101557,0.45941763204398284,0.5105046141763165,0.48396112311014583,0.3926958570587136,0.36615236599253653,0.9081091694482596,0.8815656783820828,0.9866483408599994,-0.02454349106617483,5,1,0.8815656783820828,5,0.17225878656979604,1,0.17225878656979604
C,2026-03-23 17:30:00+00:00,2026-03-23 18:30:00+00:00,111.6,112.09,8.960573476702509,999.9999999999999,5,4.370681003584195,0.4370681003584196,,trend_pullback_fixed_bars_exit,False,False,0.05,trend_pullback,2026-03-23 13:15:00-04:00,13:00,midday,2026-03,2026-03-23,BUY,trend_pullback_entry,,,,111.54,112.04533333333333,110.60969999999999,0.25099999999997635,0.005680323452203708,56.97445972495088,mid_vol,23.713016804274144,mixed,bullish,0.0,111.55,111.6,0.3944419542805896,0.3026594982078791,0.7530255490811326,0.6610824372759907,0.6095921111609205,0.5177132616487483,0.5109816225907732,0.41914695340502706,0.6857911250560292,0.5938781362007148,5,111.54,0.05379236148465847,0.34946236559139837,0.3026594982078791,0.7078853046595038,0.6610824372759907,0.5645161290322668,0.5177132616487483,0.46594982078853964,0.41914695340502706,0.6406810035842324,0.5938781362007148,0.8109318996415781,-0.07168458781361854,5,1,0.6610824372759907,2,0.3026594982078791,1,0.3026594982078791
JPM,2026-03-23 17:30:00+00:00,2026-03-23 18:30:00+00:00,290.94,291.90999999999997,3.43713480442703,1000.0,5,3.31402076029417,0.331402076029417,,trend_pullback_fixed_bars_exit,False,False,0.05,trend_pullback,2026-03-23 13:15:00-04:00,13:00,midday,2026-03,2026-03-23,BUY,trend_pullback_entry,,,,290.89,291.81966666666665,289.0483,0.4737999999999829,0.004322750130228932,60.70726915520628,mid_vol,23.526798666976088,mixed,bullish,0.0,290.89,290.94,0.18563718244010466,0.1492339313947923,0.4950324865069263,0.458576063793214,0.4194025232906003,0.3829590980958301,0.28533122486164564,0.24891084072318106,0.5947265289284672,0.558252973121614,5,290.89,0.017188628003716653,0.16841960541692758,0.1492339313947923,0.47776173781535247,0.458576063793214,0.40214477211796795,0.3829590980958301,0.2680965147453185,0.24891084072318106,0.5774386471437434,0.558252973121614,0.7080497697119689,-0.017185674022139056,5,1,0.558252973121614,5,0.1492339313947923,1,0.1492339313947923
C,2026-03-24 14:15:00+00:00,2026-03-24 15:15:00+00:00,111.6,113.68,8.960573476702509,999.9999999999999,5,18.6179928315413,1.8617992831541303,,trend_pullback_fixed_bars_exit,False,False,0.05,trend_pullback,2026-03-24 10:00:00-04:00,10:00,open_30m,2026-03,2026-03-24,BUY,trend_pullback_entry,,,,111.485,111.80266666666667,111.1819,0.16429999999999723,0.005916474196083664,63.70967741935484,mid_vol,21.55864427251867,mixed,bullish,0.0,111.55,111.6,0.1255042581801888,0.033842293906809574,0.5647691618108558,0.4729103942652387,1.4432989690721645,1.351046594982074,1.900493052442855,1.8080358422939071,2.268041237113403,2.1754193548387093,5,111.485,0.10315289052338422,0.08064516129032563,0.033842293906809574,0.5197132616487568,0.4729103942652387,1.3978494623655935,1.351046594982074,1.8548387096774261,1.8080358422939071,2.222222222222226,2.1754193548387093,2.3924731182795713,-0.30465949820787563,5,1,2.1754193548387093,5,0.033842293906809574,1,0.033842293906809574
AMD,2026-03-26 13:45:00+00:00,2026-03-26 14:45:00+00:00,217.19,209.64,4.60426354804549,1000.0,5,-34.782189787743505,-3.478218978774351,,trend_pullback_fixed_bars_exit,False,False,0.05,trend_pullback,2026-03-26 09:30:00-04:00,09:00,open_30m,2026-03,2026-03-26,BUY,trend_pullback_entry,,,,217.12,219.657,211.8897,1.704499999999996,0.006924979182171069,76.3157894736842,high_vol,45.70093952968733,trend,bullish,0.0,217.14,217.19,-0.918762088974844,-0.9665932133155251,-1.5335728101685475,-1.5812623969796051,-2.1852261213963233,-2.2327656890280307,-3.357281016855482,-3.4045507620056243,-4.250713825181906,-4.297777890326438,5,217.12,0.032240235814293104,-0.941571895575297,-0.9665932133155251,-1.5562410792393737,-1.5812623969796051,-2.2077443712878067,-2.2327656890280307,-3.379529444265392,-3.4045507620056243,-4.272756572586216,-4.297777890326438,0.09668953450895895,-4.484552695796311,1,5,-0.9665932133155251,1,-4.297777890326438,5,-0.9665932133155251
JPM,2026-04-01 17:30:00+00:00,2026-04-01 18:30:00+00:00,296.09000000000003,294.07,3.377351480968624,1000.0,5,-6.842249991556741,-0.6842249991556741,,trend_pullback_fixed_bars_exit,False,False,0.05,trend_pullback,2026-04-01 13:15:00-04:00,13:00,midday,2026-04,2026-04-01,BUY,trend_pullback_entry,,,,296.02,296.572,292.0096,1.057299999999998,0.003789912144855977,44.31372549019608,mid_vol,29.88571492756254,trend,bullish,0.0,296.04,296.09000000000003,-0.10471557897581484,-0.14047141071971508,-0.2736116740980956,-0.3093389847681465,-0.4492636130252806,-0.4849612617785283,-0.6553168490744485,-0.6909797021176018,-0.5033103634643997,-0.5389988854740182,5,296.02,0.023647050874957783,-0.12158465331487507,-0.14047141071971508,-0.2904522273633063,-0.3093389847681465,-0.4660745043736878,-0.4849612617785283,-0.6720929447127593,-0.6909797021176018,-0.520112128069175,-0.5389988854740182,0.003377351480965552,-0.7666587861798907,1,4,-0.14047141071971508,1,-0.6909797021176018,4,-0.14047141071971508
AMD,2026-04-01 18:00:00+00:00,2026-04-01 19:00:00+00:00,211.465,209.92,4.728914950464616,1000.0,5,-7.3261735984679035,-0.7326173598467903,,trend_pullback_fixed_bars_exit,False,False,0.05,trend_pullback,2026-04-01 13:45:00-04:00,13:00,afternoon,2026-04,2026-04-01,BUY,trend_pullback_entry,,,,211.5,212.31300000000002,204.1089,1.626100000000008,0.005818887745316469,32.6171875,low_vol,51.04354400540029,trend,bullish,0.0,211.415,211.465,-0.3807676844121649,-0.4299668030170437,-1.061892486342031,-1.110930555883965,-0.7639003854977087,-0.8130089140046836,-0.7426152354374067,-0.7917287967275911,-0.20102641723623343,-0.2502680348993863,5,211.5,-0.01654846335697238,-0.4043222282647198,-0.4299668030170437,-1.0852859811316369,-1.110930555883965,-0.7873643392523548,-0.8130089140046836,-0.7660842219752699,-0.7917287967275911,-0.22462346014706655,-0.2502680348993863,0.03546686212847924,-1.2720781216749806,1,3,-0.2502680348993863,5,-1.110930555883965,2,-1.110930555883965
C,2026-04-01 18:15:00+00:00,2026-04-01 19:15:00+00:00,115.13,114.845,8.685833405715279,1000.0,5,-2.4954625206288483,-0.2495462520628848,,trend_pullback_fixed_bars_exit,False,False,0.05,trend_pullback,2026-04-01 14:00:00-04:00,14:00,afternoon,2026-04,2026-04-01,BUY,trend_pullback_entry,,,,115.115,115.633,112.73989999999999,0.7952999999999975,0.004497111096415898,23.196881091617932,low_vol,39.27103266736666,trend,bullish,0.0,115.08,115.13,-0.31282586027111525,-0.4015483366628928,-0.26068821689259397,-0.3494333362286056,-0.2563434132777213,-0.3450904195257522,-0.16944734098018177,-0.2582320854685918,0.1998609662843274,0.11091583427430578,5,115.115,0.013030447813057002,-0.3561191696343235,-0.4015483366628928,-0.3040041692000298,-0.3494333362286056,-0.2996612524971761,-0.3450904195257522,-0.21280291844001592,-0.2582320854685918,0.15634500130288095,0.11091583427430578,0.15634500130288095,-0.5124641709371921,5,2,0.11091583427430578,5,-0.4015483366628928,1,-0.4015483366628928
JPM,2026-04-01 18:45:00+00:00,2026-04-01 19:45:00+00:00,294.765,295.65999999999997,3.3925330347904263,1000.0,5,3.0163170661373897,0.30163170661373895,,trend_pullback_fixed_bars_exit,False,False,0.05,trend_pullback,2026-04-01 14:30:00-04:00,14:00,afternoon,2026-04,2026-04-01,BUY,trend_pullback_entry,,,,294.55,296.106,293.0823,1.0726999999999975,0.00339970391686784,25.631067961165048,low_vol,23.978521208314074,mixed,bullish,0.0,294.715,294.765,-0.016965542982187717,-0.05288799552184855,0.0016965542982380593,-0.03422906383050304,0.18831752710245725,0.15236025308296347,0.3342211967494066,0.29823917357895197,0.18831752710245725,0.15236025308296347,5,294.55,0.07299270072991851,-0.03392533034789269,-0.05288799552184855,-0.015266398656543036,-0.03422906383050304,0.17132291825691498,0.15236025308296347,0.31720183875290564,0.29823917357895197,0.17132291825691498,0.15236025308296347,0.43594049497057824,-0.13400505487421568,4,1,0.29823917357895197,4,-0.05288799552184855,1,-0.05288799552184855
AMD,2026-04-01 19:15:00+00:00,2026-04-02 13:45:00+00:00,211.06,201.19,4.73798919738463,1000.0000000000001,5,-46.7839533781862,-4.678395337818619,,trend_pullback_fixed_bars_exit,False,False,0.05,trend_pullback,2026-04-01 15:00:00-04:00,15:00,afternoon,2026-04,2026-04-01,BUY,trend_pullback_entry,,,,210.99,211.85566666666668,205.6732,1.564300000000003,0.005824503630941817,32.10831721470019,low_vol,37.232074761080526,trend,bullish,0.0,211.01,211.06,0.30330316098763793,0.2538514166587788,-0.3246291644945748,-0.37393215199469976,-0.3743898393441032,-0.42368103856723566,-4.668025212075254,-4.716299251397709,-2.1231221269134117,-2.171999052402157,5,210.99,0.03317692781648096,0.2795413626456948,0.2538514166587788,-0.3482422060077768,-0.37393215199469976,-0.3979910925803105,-0.42368103856723566,-4.690609305410786,-4.716299251397709,-2.146309106415238,-2.171999052402157,0.4832748981332371,-4.913294797687864,1,4,0.2538514166587788,1,-4.716299251397709,4,0.2538514166587788
AMD,2026-04-02 14:15:00+00:00,2026-04-02 15:15:00+00:00,208.36,214.095,4.799385678633135,1000.0,5,27.504476866960886,2.7504476866960883,,trend_pullback_fixed_bars_exit,False,False,0.05,trend_pullback,2026-04-02 10:00:00-04:00,10:00,open_30m,2026-04,2026-04-02,BUY,trend_pullback_entry,,,,208.18,209.86066666666665,206.72170000000003,0.7361000000000217,0.010328435624541263,99.59758551307847,high_vol,34.14874635296959,trend,bullish,0.0,208.31,208.36,0.3456387115356915,0.29556191207524307,2.13623925879698,2.0857327702054023,2.41947098074984,2.3688965252447587,2.7939129182468405,2.7432486081781464,2.9163266285823957,2.8656329429832796,5,208.18,0.08646363723700971,0.321558840468414,0.29556191207524307,2.1117296985985683,2.0857327702054023,2.3948934536379247,2.3688965252447587,2.76924553657131,2.7432486081781464,2.8916298713764528,2.8656329429832796,3.1196006911115375,-0.0623920138222422,5,1,2.8656329429832796,5,0.29556191207524307,1,0.29556191207524307
HON,2026-04-02 14:15:00+00:00,2026-04-02 15:15:00+00:00,227.305,229.51999999999998,4.399375288709003,1000.0,5,9.72461626449035,0.972461626449035,,trend_pullback_fixed_bars_exit,False,False,0.05,trend_pullback,2026-04-02 10:00:00-04:00,10:00,open_30m,2026-04,2026-04-02,BUY,trend_pullback_entry,,,,227.35,228.324,226.78079999999997,0.2908999999999651,0.0032721401869043195,44.265593561368206,mid_vol,31.673984852131145,trend,bullish,0.0,227.255,227.305,0.07700600646850954,0.030995314665324257,0.7898616092055252,0.7436941114361844,0.8954698466480371,0.8492791183651889,1.0010780840905615,0.9548641252942047,0.9658753382763825,0.9196691229845328,5,227.35,-0.019793270288096545,0.05499219110886254,0.030995314665324257,0.767690987879723,0.7436941114361844,0.8732759948087306,0.8492791183651889,0.9788610017377507,0.9548641252942047,0.9436659994280733,0.9196691229845328,1.319812586612701,-0.02859593937660752,2,2,0.9548641252942047,4,0.030995314665324257,1,0.030995314665324257
AMD,2026-04-06 17:30:00+00:00,2026-04-06 18:30:00+00:00,219.805,220.13,4.549487045335638,1000.0,5,1.4585832897340651,0.1458583289734065,,trend_pullback_fixed_bars_exit,False,False,0.05,trend_pullback,2026-04-06 13:15:00-04:00,13:00,midday,2026-04,2026-04-06,BUY,trend_pullback_entry,,,,219.73,220.369,215.3033,0.7024000000000115,0.0068915475916985405,65.88235294117646,mid_vol,27.499238677786185,trend,bullish,0.0,219.755,219.805,0.09556096562080861,0.04804435749869072,-0.09783622670701618,-0.14530884192807889,-0.12058883756910486,-0.1680562771547443,0.1706445814657232,0.12311089374672975,0.10466200996565184,0.05714333158936142,5,219.73,0.034132799344658016,0.07279179272536866,0.04804435749869072,-0.12056140670140114,-0.14530884192807889,-0.14330884192807158,-0.1680562771547443,0.14785832897340306,0.12311089374672975,0.0818907668160446,0.05714333158936142,0.27979345328813293,-0.2752439662428144,4,2,0.12311089374672975,4,-0.1680562771547443,3,-0.1680562771547443
C,2026-04-07 15:30:00+00:00,2026-04-07 16:30:00+00:00,116.41,116.44,8.590327291469805,1000.0,5,0.23770981874406516,0.023770981874406516,,trend_pullback_fixed_bars_exit,False,False,0.05,trend_pullback,2026-04-07 11:15:00-04:00,11:00,morning,2026-04,2026-04-07,BUY,trend_pullback_entry,,,,116.24,116.60166666666667,115.9867,0.18099999999999739,0.00434868844333298,23.705179282868524,low_vol,20.602655674728585,mixed,bullish,0.0,116.36,116.41,-0.19766242695084565,-0.2854808006185067,-0.08594018563079608,-0.1738065458293818,0.13750429700927863,0.04954196374882258,0.13750429700927863,0.04954196374882258,0.1933654176692973,0.10537909114336798,5,116.24,0.14624913971094433,-0.2405291641611555,-0.2854808006185067,-0.12885490937203975,-0.1738065458293818,0.09449360020616737,0.04954196374882258,0.09449360020616737,0.04954196374882258,0.15033072760071914,0.10537909114336798,0.5583712739455422,-0.4037453826990799,3,2,0.10537909114336798,5,-0.2854808006185067,1,-0.2854808006185067
HON,2026-04-08 18:45:00+00:00,2026-04-08 19:45:00+00:00,230.06,231.225,4.346692167260715,1000.0,5,5.0438963748587184,0.5043896374858718,,trend_pullback_fixed_bars_exit,False,False,0.05,trend_pullback,2026-04-08 14:30:00-04:00,14:00,afternoon,2026-04,2026-04-08,BUY,trend_pullback_entry,,,,230.07,230.47566666666668,226.5768,0.2956000000000074,0.002713918768030702,20.776699029126213,low_vol,31.74229426730029,trend,bullish,0.0,230.01,230.06,-0.16086257119255884,-0.20629453186126057,0.20868657884440597,0.16317430235591246,0.23477240119995674,0.18925445535946891,0.4825877135776765,0.43701590889332925,1.0564758053997683,1.010779274971742,5,230.07,-0.00434650323814096,-0.18256107102495694,-0.20629453186126057,0.1869077631922137,0.16317430235591246,0.21298791619577895,0.18925445535946891,0.4607493697296367,0.43701590889332925,1.0345127358080481,1.010779274971742,1.0345127358080481,-0.18256107102495694,5,1,1.010779274971742,5,-0.20629453186126057,1,-0.20629453186126057
AMD,2026-04-08 19:00:00+00:00,2026-04-09 13:30:00+00:00,230.0,233.385,4.3478260869565215,1000.0,5,14.697391304347775,1.4697391304347776,,trend_pullback_fixed_bars_exit,False,False,0.05,trend_pullback,2026-04-08 14:45:00-04:00,14:00,afternoon,2026-04,2026-04-08,BUY,trend_pullback_entry,,,,229.97,231.9453333333333,224.03009999999998,1.1982999999999606,0.00610877949954803,57.17054263565891,mid_vol,43.21678429917932,trend,bullish,0.0,229.95,230.0,0.4783648619265157,0.432782608695652,0.3174603174603254,0.2719130434782528,0.513155033702982,0.4675652173912908,0.8132202652750617,0.7675652173912908,2.330941509023707,2.2849565217391272,5,229.97,0.013045179806062153,0.45652173913043975,0.432782608695652,0.29565217391304643,0.2719130434782528,0.491304347826085,0.4675652173912908,0.791304347826084,0.7675652173912908,2.308695652173914,2.2849565217391272,2.3260869565217366,-0.18478260869565713,5,1,2.2849565217391272,5,0.2719130434782528,2,0.2719130434782528
C,2026-04-08 19:00:00+00:00,2026-04-09 13:30:00+00:00,122.77,122.65,8.145312372729494,1000.0,5,-0.9974374847274703,-0.09974374847274703,,trend_pullback_fixed_bars_exit,False,False,0.05,trend_pullback,2026-04-08 14:45:00-04:00,14:00,afternoon,2026-04,2026-04-08,BUY,trend_pullback_entry,,,,122.76,123.105,119.4648,0.6695999999999884,0.0043878320935255115,37.4031007751938,mid_vol,43.45607399889797,trend,bullish,0.0,122.72,122.77,0.35039113428944496,0.2667953083000839,0.17112125162973268,0.08759843610002917,0.4848435462842233,0.4011929624501136,0.6518904823989546,0.5681718660910633,0.17112125162973268,0.08759843610002917,5,122.76,0.008145975887903962,0.3095218701637287,0.2667953083000839,0.13032499796368072,0.08759843610002917,0.4439195243137588,0.4011929624501136,0.6108984279547122,0.5681718660910633,0.13032499796368072,0.08759843610002917,0.7086421764274697,-0.3054492139773561,4,5,0.5681718660910633,4,0.08759843610002917,2,0.08759843610002917
C,2026-04-09 13:45:00+00:00,2026-04-09 14:45:00+00:00,123.00999999999999,122.99000000000001,8.129420372327454,1000.0,5,-0.18258840744636018,-0.018258840744636018,,trend_pullback_fixed_bars_exit,False,False,0.05,trend_pullback,2026-04-09 09:30:00-04:00,09:00,open_30m,2026-04,2026-04-09,BUY,trend_pullback_entry,,,,122.93,123.24933333333334,120.1199,0.6551000000000045,0.004540007430569541,43.03030303030303,mid_vol,38.756475597079415,trend,bullish,0.0,122.96,123.00999999999999,0.43510084580352215,0.35162978619625845,-0.09352635003252675,-0.1767825380050226,-0.05692908262849152,-0.14020014632955055,0.06506180871829255,-0.018258840744636018,0.09759271307742726,0.014258840744662394,5,122.93,0.0650776864882324,0.39427688805789257,0.35162978619625845,-0.1341354361433965,-0.1767825380050226,-0.0975530444679216,-0.14020014632955055,0.02438826111699484,-0.018258840744636018,0.05690594260629818,0.014258840744662394,0.41866514917487585,-0.34956507601007447,1,3,0.35162978619625845,1,-0.1767825380050226,2,0.35162978619625845
AMD,2026-04-09 18:00:00+00:00,2026-04-09 19:00:00+00:00,233.995,235.98999999999998,4.273595589649352,1000.0000000000001,5,8.505823201350495,0.8505823201350494,,trend_pullback_fixed_bars_exit,False,False,0.05,trend_pullback,2026-04-09 13:45:00-04:00,13:00,afternoon,2026-04,2026-04-09,BUY,trend_pullback_entry,,,,233.95,234.588,230.85240000000002,1.5515000000000043,0.005307651080339087,33.203125,low_vol,41.16110457430168,trend,bullish,0.0,233.945,233.995,0.40394109726644867,0.3591188273253692,0.549274402103057,0.5044210773734449,0.519352839342582,0.4745059082459079,0.9254311910919321,0.8804974892625979,1.188313492487551,1.1433236180260338,5,233.95,0.019234879247709304,0.3824868052736092,0.3591188273253692,0.5277890553216886,0.5044210773734449,0.497873886194146,0.4745059082459079,0.9038654672108417,0.8804974892625979,1.1666915959742685,1.1433236180260338,1.2115643496655943,-0.23291095963589645,5,1,1.1433236180260338,5,0.3591188273253692,1,0.3591188273253692
HON,2026-04-10 13:45:00+00:00,2026-04-10 14:45:00+00:00,234.93,234.85,4.256587068488486,1000.0,5,-0.36052696547915275,-0.03605269654791528,,trend_pullback_fixed_bars_exit,False,False,0.05,trend_pullback,2026-04-10 09:30:00-04:00,09:00,open_30m,2026-04,2026-04-10,BUY,trend_pullback_entry,,,,234.735,235.49266666666665,232.6173,0.7554999999999836,0.002644158827103807,24.04040404040404,low_vol,37.810900415375905,trend,bullish,0.0,234.88,234.93,0.06599114441416942,0.021411228876672794,0.27247956403270385,0.22785570169837682,0.2809945504087179,0.23636887583534189,-0.0468324250681136,-0.09138832843826776,0.02980245231607339,-0.014769761205479882,5,234.735,0.08307240079237999,0.04469416421912475,0.021411228876672794,0.2511386370408221,0.22785570169837682,0.25965181117779135,0.23636887583534189,-0.06810539309581431,-0.09138832843826776,0.00851317413696923,-0.014769761205479882,0.35329672668453754,-0.1915464180819891,4,1,0.23636887583534189,3,-0.09138832843826776,4,0.021411228876672794
C,2026-04-10 14:15:00+00:00,2026-04-10 15:15:00+00:00,124.46,124.995,8.034709946970915,1000.0000000000001,5,4.278569821629617,0.42785698216296164,,trend_pullback_fixed_bars_exit,False,False,0.05,trend_pullback,2026-04-10 10:00:00-04:00,10:00,open_30m,2026-04,2026-04-10,BUY,trend_pullback_entry,,,,124.435,124.693,123.6792,0.1419999999999959,0.0037488226561730995,20.523138832997986,low_vol,30.46393993651882,trend,bullish,0.0,124.41,124.46,0.32151756289687783,0.23904129840914265,0.3737641668676179,0.29126691306445307,0.35366931918655875,0.271180138197019,0.5345229483160568,0.45196111200388034,0.4581625271280503,0.37563136750765125,5,124.435,0.02009081046328724,0.2812148481439889,0.23904129840914265,0.33344046279929795,0.29126691306445307,0.31335368793186613,0.271180138197019,0.49413466173871856,0.45196111200388034,0.41780491724249574,0.37563136750765125,0.5383255664470527,-0.04017354973485229,4,1,0.45196111200388034,4,0.23904129840914265,1,0.23904129840914265
HON,2026-04-10 15:00:00+00:00,2026-04-10 16:00:00+00:00,234.88000000000002,234.61999999999998,4.257493188010899,1000.0,5,-1.126948228883066,-0.1126948228883066,,trend_pullback_fixed_bars_exit,False,False,0.05,trend_pullback,2026-04-10 10:45:00-04:00,10:00,morning,2026-04,2026-04-10,BUY,trend_pullback_entry,,,,234.95,235.31166666666667,233.1484,0.5311000000000092,0.002648810920194271,24.0,low_vol,29.160724768990075,trend,bullish,0.0,234.83,234.88000000000002,0.1192351914150667,0.07463487738418735,0.08090959417450824,0.03631743869208322,0.08942639356129095,0.04483242506810257,-0.025550398160372297,-0.0701198910081871,-0.15117318911553812,-0.19571594005451518,5,234.95,-0.029793573100644715,0.09792234332424632,0.07463487738418735,0.05960490463214678,0.03631743869208322,0.06811989100816083,0.04483242506810257,-0.046832425068125696,-0.0701198910081871,-0.17242847411445397,-0.19571594005451518,0.13623978201633377,-0.17242847411445397,1,5,0.07463487738418735,1,-0.19571594005451518,5,0.07463487738418735
AMD,2026-04-10 17:30:00+00:00,2026-04-10 18:30:00+00:00,245.38000000000002,245.88,4.0753117613497425,999.9999999999999,5,2.017655880674738,0.2017655880674738,,trend_pullback_fixed_bars_exit,False,False,0.05,trend_pullback,2026-04-10 13:15:00-04:00,13:00,midday,2026-04,2026-04-10,BUY,trend_pullback_entry,,,,245.51,246.1663333333333,237.9909,1.2227000000000032,0.005948600781808257,57.450980392156865,mid_vol,45.229711293505076,trend,bullish,0.0,245.33,245.38000000000002,0.19565483226673858,0.15286184693127325,0.2160355439611956,0.17323840573802726,0.16712183589450805,0.12433466460182671,0.2486446826723129,0.2058408998288087,-0.06929441976114455,-0.11203341755646079,5,245.51,-0.05295099995925504,0.17523840573803012,0.15286184693127325,0.1956149645447835,0.17323840573802726,0.14671122340858472,0.12433466460182671,0.22821745863557497,0.2058408998288087,-0.08965685874970546,-0.11203341755646079,0.33010025266931853,-0.1752384057380533,4,5,0.2058408998288087,4,-0.11203341755646079,5,0.12433466460182671
AMD,2026-04-10 18:45:00+00:00,2026-04-10 19:45:00+00:00,245.11,245.67,4.079800905715801,1000.0,5,2.264688507200731,0.22646885072007306,,trend_pullback_fixed_bars_exit,False,False,0.05,trend_pullback,2026-04-10 14:30:00-04:00,14:00,afternoon,2026-04,2026-04-10,BUY,trend_pullback_entry,,,,245.16,245.763,239.3884,1.3974999999999795,0.004875995952847551,25.825242718446603,low_vol,39.757713787293774,trend,bullish,0.0,245.06,245.11,0.07549171631437292,0.03267830769857483,0.22035419897167716,0.1775112398514807,0.31828939851464993,0.27542646158866546,0.3142087652003632,0.27134666068294566,-0.016322533257158264,-0.05911721268003021,5,245.16,-0.020394844183383484,0.0550773122271596,0.03267830769857483,0.19991024438006638,0.1775112398514807,0.29782546611724925,0.27542646158866546,0.29374566521153717,0.27134666068294566,-0.0367182081514436,-0.05911721268003021,0.41409979193014823,-0.11831422626576657,3,5,0.27542646158866546,3,-0.05911721268003021,5,0.03267830769857483
AMD,2026-04-13 13:45:00+00:00,2026-04-13 15:00:00+00:00,243.12,244.185,4.113195129976966,1000.0,5,4.3605528134255565,0.4360552813425556,,trend_pullback_fixed_bars_exit,False,False,0.05,trend_pullback,2026-04-13 09:30:00-04:00,09:00,open_30m,2026-04,2026-04-13,BUY,trend_pullback_entry,,,,243.65,245.29033333333334,240.8969,1.2171999999999628,0.004816618218423661,21.818181818181817,low_vol,31.99322305564567,trend,bullish,0.0,243.07,243.12,0.13987740157156517,0.0967166831194504,-0.04114041222692818,-0.08426390259953678,0.03496935039289421,-0.008169792694968692,0.557452585674916,0.5142059888121139,0.5265972765047111,0.4833570253372841,5,243.65,-0.21752513851836697,0.11928265876932874,0.0967166831194504,-0.06169792694965683,-0.08426390259953678,0.01439618295491798,-0.008169792694968692,0.5367719644619968,0.5142059888121139,0.5059230009871626,0.4833570253372841,0.6293188548864762,-0.42777229351760115,5,1,0.5142059888121139,4,-0.08426390259953678,2,-0.08426390259953678
AMD,2026-04-13 15:15:00+00:00,2026-04-13 16:15:00+00:00,244.43,244.54999999999998,4.091150840731498,1000.0,5,0.47093810088767896,0.047093810088767896,,trend_pullback_fixed_bars_exit,False,False,0.05,trend_pullback,2026-04-13 11:00:00-04:00,11:00,morning,2026-04,2026-04-13,BUY,trend_pullback_entry,,,,244.35,244.81300000000002,241.847,0.9501000000000204,0.004956437266710265,25.2,low_vol,24.56945219446621,mixed,bullish,0.0,244.38,244.43,0.07365578197888813,0.03072920672584587,0.11457566085604433,0.0716407151331623,0.31508306735412484,0.27210710632900825,0.1718634912840723,0.12891682690340076,0.5319584254030655,0.4889381008877763,5,244.35,0.032739922242689797,0.05318496092950761,0.03072920672584587,0.09409646933682025,0.0716407151331623,0.2945628605326674,0.27210710632900825,0.15137258110706728,0.12891682690340076,0.5113938550914372,0.4889381008877763,0.5318496092950877,-0.09614204475719577,5,2,0.4889381008877763,5,0.03072920672584587,1,0.03072920672584587
