regime,start_date,end_date,strategy_mode,time_window_mode,regime_filter_enabled,threshold_mode,entry_threshold_pct,atr_multiple,atr_percentile_threshold,sma_bars,orb_filter_mode,breakout_exit_style,breakout_tight_stop_fraction,mean_reversion_exit_style,mean_reversion_max_atr_percentile,trend_pullback_exit_style,trend_pullback_hold_bars,trend_pullback_take_profit_pct,trend_pullback_research_exit_fill,momentum_breakout_lookback_bars,momentum_breakout_entry_buffer_pct,momentum_breakout_min_adx,momentum_breakout_min_slope,momentum_breakout_min_atr_percentile,momentum_breakout_exit_style,momentum_breakout_hold_bars,momentum_breakout_stop_pct,momentum_breakout_take_profit_pct,volatility_expansion_lookback_bars,volatility_expansion_entry_buffer_pct,volatility_expansion_max_atr_percentile,volatility_expansion_trend_filter,volatility_expansion_min_slope,volatility_expansion_use_volume_confirm,volatility_expansion_exit_style,volatility_expansion_hold_bars,volatility_expansion_stop_pct,volatility_expansion_take_profit_pct,ml_probability_buy,ml_probability_sell,total_return_pct,max_drawdown_pct,total_trades,total_buy_candidates,skipped_trades,competing_timestamps,max_concurrent_positions,win_rate,avg_winning_trade,avg_losing_trade,expectancy,max_loss_trade,avg_return_per_trade_pct,avg_move_captured_pct,profit_factor,sharpe_ratio,trades_per_day,pnl_stability,realized_pnl,final_equity,final_cash,starting_capital,position_size,timing_load_seconds,timing_precompute_seconds,timing_model_load_seconds,timing_ml_precompute_seconds,timing_simulate_seconds,timing_finalize_seconds,timing_total_seconds
Custom,2026-04-14,2026-04-21,mean_reversion,full_day,False,static_pct,0.0015,1.0,0.0,15,none,target_1x_stop_low,0.5,eod,0.0,fixed_bars,4,0.0,next_open,20,0.001,20.0,0.0,20.0,fixed_bars,3,0.0,0.0,20,0.001,0.0,False,0.0,True,fixed_bars,4,0.0,0.0,0.55,0.45,-0.317055997262687,0.8368028020367232,112,203,147,48,10,44.642857142857146,8.37476340270528,-7.776602735286808,-0.5661714236831971,-31.676056509985187,-0.05661714236831971,-0.05661714236831971,0.868482251658377,-4.691060184865187,18.666666666666668,17.873859776818534,-31.705599726259038,9968.294400273731,9968.294400273731,10000.0,1000.0,0.01714360000914894,0.5702517000027001,3.00002284348011e-07,1.1099997209385037e-05,0.8100971000094432,0.0005317000031936914,1.3980608000128996
Custom,2026-04-14,2026-04-21,mean_reversion,full_day,False,static_pct,0.001,1.0,0.0,15,none,target_1x_stop_low,0.5,eod,0.0,fixed_bars,4,0.0,next_open,20,0.001,20.0,0.0,20.0,fixed_bars,3,0.0,0.0,20,0.001,0.0,False,0.0,True,fixed_bars,4,0.0,0.0,0.55,0.45,-0.31907140098019227,0.8559867384498364,112,238,182,60,10,48.214285714285715,7.933965035530525,-8.487041243356472,-0.569770358893099,-31.676056509985187,-0.0569770358893099,-0.0569770358893099,0.8703616279539604,-4.644984447850087,18.666666666666668,18.164107273094352,-31.907140098013542,9968.09285990198,9968.09285990198,10000.0,1000.0,0.011049299995647743,0.44279839997761883,2.00001522898674e-07,1.0599993402138352e-05,0.6998460000031628,0.0004416000156197697,1.1541697999928147
Custom,2026-04-14,2026-04-21,mean_reversion,morning_only,False,static_pct,0.001,1.0,0.0,15,none,target_1x_stop_low,0.5,eod,0.0,fixed_bars,4,0.0,next_open,20,0.001,20.0,0.0,20.0,fixed_bars,3,0.0,0.0,20,0.001,0.0,False,0.0,True,fixed_bars,4,0.0,0.0,0.55,0.45,-0.35493187313275487,0.9167285376530014,70,48,13,10,9,51.42857142857142,8.96851307080008,-11.583907211039659,-1.0140910660935074,-31.676056509985187,-0.10140910660935074,-0.10140910660935074,0.8197642203271593,-5.225026441933062,11.666666666666666,17.938091058260532,-35.493187313272756,9964.506812686725,9964.506812686725,10000.0,1000.0,0.013646800012793392,0.6948642999923322,4.00003045797348e-07,1.3200013199821115e-05,0.6013669999956619,0.0005302999925334007,1.310447900003055
Custom,2026-04-14,2026-04-21,mean_reversion,morning_only,False,static_pct,0.002,1.0,0.0,15,none,target_1x_stop_low,0.5,sma,60.0,fixed_bars,4,0.0,next_open,20,0.001,20.0,0.0,20.0,fixed_bars,3,0.0,0.0,20,0.001,0.0,False,0.0,True,fixed_bars,4,0.0,0.0,0.55,0.45,-0.37620744081636076,0.5986348246126869,30,15,0,3,5,33.33333333333333,4.446927758363676,-5.985538287345298,-2.5080496054423067,-12.049846200700586,-0.2508049605442307,-0.2508049605442307,0.37147266836179366,-7.246568314184273,5.0,13.70953456703937,-37.6207440816346,9962.379255918364,9962.379255918364,10000.0,1000.0,0.012695500015979633,0.5234635999950115,3.00002284348011e-07,1.1199997970834374e-05,0.6011035999981686,0.00042290001874789596,1.1377154999936465
Custom,2026-04-14,2026-04-21,mean_reversion,morning_only,False,static_pct,0.002,1.0,0.0,15,none,target_1x_stop_low,0.5,eod,0.0,fixed_bars,4,0.0,next_open,20,0.001,20.0,0.0,20.0,fixed_bars,3,0.0,0.0,20,0.001,0.0,False,0.0,True,fixed_bars,4,0.0,0.0,0.55,0.45,-0.3833771851108213,0.9710671437421676,66,42,9,7,9,48.484848484848484,9.639788609224674,-11.327902132863006,-1.1617490457901918,-31.676056509985187,-0.11617490457901919,-0.11617490457901919,0.8009198979682316,-5.618060999529444,11.0,18.01606990929957,-38.33771851107633,9961.662281488918,9961.662281488918,10000.0,1000.0,0.018907599995145574,0.652727499982575,3.00002284348011e-07,9.69998654909432e-06,0.7167545999982394,0.0010550000006332994,1.3894736999936868
Custom,2026-04-14,2026-04-21,mean_reversion,morning_only,False,static_pct,0.0015,1.0,0.0,15,none,target_1x_stop_low,0.5,eod,0.0,fixed_bars,4,0.0,next_open,20,0.001,20.0,0.0,20.0,fixed_bars,3,0.0,0.0,20,0.001,0.0,False,0.0,True,fixed_bars,4,0.0,0.0,0.55,0.45,-0.39177187469591446,0.9794455440587869,66,45,12,9,9,48.484848484848484,9.639788609224674,-11.377282659834089,-1.1871874990783253,-31.676056509985187,-0.11871874990783254,-0.11871874990783254,0.79744368595823,-5.668386340987598,11.0,18.247423021505128,-39.17718746958474,9960.822812530409,9960.822812530409,10000.0,1000.0,0.013301300001330674,0.4410922999959439,2.00001522898674e-07,1.170000177808106e-05,0.9449659999809228,0.0013260999985504895,1.4007204000081401
Custom,2026-04-14,2026-04-21,mean_reversion,morning_only,False,static_pct,0.001,1.0,0.0,15,none,target_1x_stop_low,0.5,sma,60.0,fixed_bars,4,0.0,next_open,20,0.001,20.0,0.0,20.0,fixed_bars,3,0.0,0.0,20,0.001,0.0,False,0.0,True,fixed_bars,4,0.0,0.0,0.55,0.45,-0.42586177667801167,0.6830529795785697,40,20,0,4,6,45.0,3.142635501924145,-6.442717925919541,-2.129308883389882,-13.626993538578517,-0.2129308883389882,-0.2129308883389882,0.39909355933506047,-7.557074107068326,6.666666666666667,14.884230147146884,-42.58617766779764,9957.413822332199,9957.413822332199,10000.0,1000.0,0.011688099999446422,0.43462869999348186,3.00002284348011e-07,9.200011845678091e-06,0.5127554000064265,0.0004969000001437962,0.9595945999899413
Custom,2026-04-14,2026-04-21,mean_reversion,morning_only,False,static_pct,0.0015,1.0,0.0,15,none,target_1x_stop_low,0.5,sma,60.0,fixed_bars,4,0.0,next_open,20,0.001,20.0,0.0,20.0,fixed_bars,3,0.0,0.0,20,0.001,0.0,False,0.0,True,fixed_bars,4,0.0,0.0,0.55,0.45,-0.43989063568442355,0.6974539861729149,32,16,0,4,6,31.25,4.446927758363676,-6.020336578205346,-2.749316473027527,-13.626993538578517,-0.27493164730275266,-0.27493164730275266,0.3357504639481091,-7.897029019481658,5.333333333333333,14.712312955078957,-43.98906356844043,9956.010936431558,9956.010936431558,10000.0,1000.0,0.01356539997505024,0.532520700013265,2.00001522898674e-07,1.1899974197149277e-05,0.5862898000050336,0.0004434000002220273,1.1328523999836762
Custom,2026-04-14,2026-04-21,mean_reversion,full_day,False,static_pct,0.002,1.0,0.0,15,none,target_1x_stop_low,0.5,eod,0.0,fixed_bars,4,0.0,next_open,20,0.001,20.0,0.0,20.0,fixed_bars,3,0.0,0.0,20,0.001,0.0,False,0.0,True,fixed_bars,4,0.0,0.0,0.55,0.45,-0.4417415052943397,0.856089597228422,112,177,121,38,10,44.642857142857146,8.213516617213122,-8.048776321282348,-0.7888241165968708,-31.676056509985187,-0.07888241165968708,-0.07888241165968708,0.8229578583323893,-6.593341718964832,18.666666666666668,17.736021392044858,-44.174150529424764,9955.825849470566,9955.825849470566,10000.0,1000.0,0.014627199998358265,0.5402264000149444,3.00002284348011e-07,1.4399993233382702e-05,0.8058290999906603,0.0004189999890513718,1.3611458000086714
Custom,2026-04-14,2026-04-21,mean_reversion,full_day,False,static_pct,0.002,1.0,0.0,15,none,target_1x_stop_low,0.5,sma,60.0,fixed_bars,4,0.0,next_open,20,0.001,20.0,0.0,20.0,fixed_bars,3,0.0,0.0,20,0.001,0.0,False,0.0,True,fixed_bars,4,0.0,0.0,0.55,0.45,-0.49213339645379167,1.42127799265574,130,67,2,12,10,66.15384615384615,4.700364096076542,-11.424045262575305,-0.7571283022363909,-46.60282854885463,-0.07571283022363909,-0.07571283022363909,0.8041875769515316,-5.400736555189692,21.666666666666668,24.131009646145515,-49.21333964536541,9950.78666035462,9950.78666035462,10000.0,1000.0,0.011545099987415597,0.5646531999809667,3.00002284348011e-07,9.499985026195645e-06,0.8513800000073388,0.003272400004789233,1.4308789999922737
Custom,2026-04-14,2026-04-21,mean_reversion,morning_only,False,static_pct,0.002,1.0,0.0,15,none,target_1x_stop_low,0.5,eod,60.0,fixed_bars,4,0.0,next_open,20,0.001,20.0,0.0,20.0,fixed_bars,3,0.0,0.0,20,0.001,0.0,False,0.0,True,fixed_bars,4,0.0,0.0,0.55,0.45,-0.5294538702805767,0.6310483354975418,30,15,0,3,7,40.0,8.108055772004226,-11.288191295564097,-3.5296924685367683,-16.58238498343735,-0.35296924685367687,-0.35296924685367687,0.4788517817547638,-9.662577802619015,5.0,14.47830513362297,-52.94538702805153,9947.054612971942,9947.054612971942,10000.0,1000.0,0.013800699991406873,0.5920803000044543,4.00003045797348e-07,2.2199994418770075e-05,0.788514199986821,0.0005050000036135316,1.394978299998911
Custom,2026-04-14,2026-04-21,mean_reversion,full_day,False,static_pct,0.002,1.0,0.0,15,none,target_1x_stop_low,0.5,eod,80.0,fixed_bars,4,0.0,next_open,20,0.001,20.0,0.0,20.0,fixed_bars,3,0.0,0.0,20,0.001,0.0,False,0.0,True,fixed_bars,4,0.0,0.0,0.55,0.45,-0.530766946265685,1.00247540785163,114,116,59,30,10,43.859649122807014,7.701544698688817,-7.675478502930602,-0.9311700811676988,-18.912254013317124,-0.09311700811676989,-0.09311700811676989,0.7839031525595871,-6.458940592353386,19.0,21.75091829590899,-53.07669462655883,9946.923305373432,9946.923305373432,10000.0,1000.0,0.010735999996541068,0.44701350000104867,2.00001522898674e-07,9.400013368576765e-06,0.5287288000108674,0.0027751999732572585,0.9892809999873862
Custom,2026-04-14,2026-04-21,mean_reversion,full_day,False,static_pct,0.002,1.0,0.0,15,none,target_1x_stop_low,0.5,eod,60.0,fixed_bars,4,0.0,next_open,20,0.001,20.0,0.0,20.0,fixed_bars,3,0.0,0.0,20,0.001,0.0,False,0.0,True,fixed_bars,4,0.0,0.0,0.55,0.45,-0.5519985170122345,0.9921283529755791,114,68,11,12,10,43.859649122807014,5.765051314831726,-6.228941705375405,-0.9684184508985932,-16.58238498343735,-0.09684184508985932,-0.09684184508985932,0.7230676658645728,-6.879976663355054,19.0,21.229418902883587,-55.19985170121981,9944.800148298777,9944.800148298777,10000.0,1000.0,0.011625300016021356,0.45011689999955706,2.00001522898674e-07,9.899988071992993e-06,0.5707603999762796,0.00047890000860206783,1.0330098000122234
Custom,2026-04-14,2026-04-21,mean_reversion,morning_only,False,static_pct,0.001,1.0,0.0,15,none,target_1x_stop_low,0.5,eod,60.0,fixed_bars,4,0.0,next_open,20,0.001,20.0,0.0,20.0,fixed_bars,3,0.0,0.0,20,0.001,0.0,False,0.0,True,fixed_bars,4,0.0,0.0,0.55,0.45,-0.5748136823371169,0.684542767111813,38,19,0,3,8,47.368421052631575,6.857490524126989,-11.919878295085017,-3.025335170195119,-17.275796275180596,-0.3025335170195119,-0.3025335170195119,0.5177688327790323,-8.418007375148303,6.333333333333333,18.03434186824938,-57.48136823370726,9942.518631766288,9942.518631766288,10000.0,1000.0,0.016034900007070974,0.6318967000115663,3.00002284348011e-07,1.069999416358769e-05,0.7657875999866519,0.0009716000058688223,1.4147215000120923
Custom,2026-04-14,2026-04-21,mean_reversion,full_day,False,static_pct,0.0015,1.0,0.0,15,none,target_1x_stop_low,0.5,eod,60.0,fixed_bars,4,0.0,next_open,20,0.001,20.0,0.0,20.0,fixed_bars,3,0.0,0.0,20,0.001,0.0,False,0.0,True,fixed_bars,4,0.0,0.0,0.55,0.45,-0.5910001222120081,1.021190790100906,112,88,32,22,10,42.857142857142854,5.789415735047835,-6.188937183198274,-1.0553573610927987,-17.275796275180596,-0.10553573610927985,-0.10553573610927985,0.7015844033889543,-6.967177175479534,18.666666666666668,22.446369142261222,-59.10001222119672,9940.8999877788,9940.8999877788,10000.0,1000.0,0.012834699999075383,0.45463270001346245,3.00002284348011e-07,8.799979696050286e-06,0.5197318999853451,0.00043089999235235155,0.9876578999974299
Custom,2026-04-14,2026-04-21,mean_reversion,full_day,False,static_pct,0.001,1.0,0.0,15,none,target_1x_stop_low,0.5,eod,80.0,fixed_bars,4,0.0,next_open,20,0.001,20.0,0.0,20.0,fixed_bars,3,0.0,0.0,20,0.001,0.0,False,0.0,True,fixed_bars,4,0.0,0.0,0.55,0.45,-0.5922412472647375,1.0788546464201925,112,183,127,56,10,48.214285714285715,6.880404652915314,-8.448105184661374,-1.0575736558297564,-18.912254013317124,-0.10575736558297565,-0.10575736558297565,0.7582639949639529,-6.9900674765948905,18.666666666666668,22.44032383052805,-59.22412472646636,9940.775875273526,9940.775875273526,10000.0,1000.0,0.011952500004554167,0.5039871000044513,3.00002284348011e-07,9.69998654909432e-06,0.5270310000050813,0.0004133000038564205,1.0434130000066943
Custom,2026-04-14,2026-04-21,mean_reversion,full_day,False,static_pct,0.0015,1.0,0.0,15,none,target_1x_stop_low,0.5,eod,80.0,fixed_bars,4,0.0,next_open,20,0.001,20.0,0.0,20.0,fixed_bars,3,0.0,0.0,20,0.001,0.0,False,0.0,True,fixed_bars,4,0.0,0.0,0.55,0.45,-0.5959611277391923,1.1095739124394466,114,148,91,46,10,45.614035087719294,6.838670552328822,-7.658114423692228,-1.0455458381387663,-18.912254013317124,-0.10455458381387663,-0.10455458381387663,0.7489649351772938,-6.890950015381511,19.0,22.90752229475588,-59.59611277390968,9940.40388722608,9940.40388722608,10000.0,1000.0,0.011472600017441437,0.4829874999995809,2.00001522898674e-07,1.3400014722719789e-05,0.5427052000013646,0.00041140001849271357,1.0376133000245318
Custom,2026-04-14,2026-04-21,mean_reversion,full_day,False,static_pct,0.001,1.0,0.0,15,none,target_1x_stop_low,0.5,eod,60.0,fixed_bars,4,0.0,next_open,20,0.001,20.0,0.0,20.0,fixed_bars,3,0.0,0.0,20,0.001,0.0,False,0.0,True,fixed_bars,4,0.0,0.0,0.55,0.45,-0.6004576875235398,1.0411983072760698,112,111,55,31,10,46.42857142857143,5.635278036882342,-6.8854332570430605,-1.0722458705776947,-17.275796275180596,-0.1072245870577695,-0.1072245870577695,0.7093101406464122,-6.165796030290673,18.666666666666668,25.742592435233504,-60.04576875235091,9939.954231247646,9939.954231247646,10000.0,1000.0,0.011729999998351559,0.48974639998050407,2.00001522898674e-07,1.1500000255182385e-05,0.5259527000016533,0.0005347999976947904,1.0279971999989357
Custom,2026-04-14,2026-04-21,mean_reversion,full_day,False,static_pct,0.0015,1.0,0.0,15,none,target_1x_stop_low,0.5,sma,60.0,fixed_bars,4,0.0,next_open,20,0.001,20.0,0.0,20.0,fixed_bars,3,0.0,0.0,20,0.001,0.0,False,0.0,True,fixed_bars,4,0.0,0.0,0.55,0.45,-0.6204667321934721,1.626828875224747,150,79,4,18,10,68.0,4.657857022316896,-12.48322422322903,-0.8272889762578006,-46.47726326880036,-0.08272889762578006,-0.08272889762578006,0.7928998146172132,-5.895062267378866,25.0,27.831956283149786,-62.04667321933505,9937.953326780653,9937.953326780653,10000.0,1000.0,0.011684299999615178,0.4353145999775734,2.00001522898674e-07,1.1800002539530396e-05,0.5441690000006929,0.002147099992725998,0.9933480999898165
Custom,2026-04-14,2026-04-21,mean_reversion,morning_only,False,static_pct,0.001,1.0,0.0,15,none,target_1x_stop_low,0.5,sma,80.0,fixed_bars,4,0.0,next_open,20,0.001,20.0,0.0,20.0,fixed_bars,3,0.0,0.0,20,0.001,0.0,False,0.0,True,fixed_bars,4,0.0,0.0,0.55,0.45,-0.66279858939326,1.0697185725312643,66,33,0,6,8,48.484848484848484,4.265884638635242,-7.913765479852105,-2.008480573918846,-19.627418203095658,-0.20084805739188455,-0.20084805739188455,0.5073375320950653,-12.958018773751325,11.0,13.523920418495011,-66.27985893932191,9933.720141060674,9933.720141060674,10000.0,1000.0,0.010447499982547015,0.44366690001334064,2.00001522898674e-07,1.0199990356341004e-05,0.5573658999928739,0.00038510002195835114,1.011894700000994
Custom,2026-04-14,2026-04-21,mean_reversion,morning_only,False,static_pct,0.002,1.0,0.0,15,none,target_1x_stop_low,0.5,sma,80.0,fixed_bars,4,0.0,next_open,20,0.001,20.0,0.0,20.0,fixed_bars,3,0.0,0.0,20,0.001,0.0,False,0.0,True,fixed_bars,4,0.0,0.0,0.55,0.45,-0.6672080837402063,1.0742055019493693,56,28,0,5,8,39.285714285714285,5.319308514521409,-7.366658943161751,-2.3828860133576524,-19.627418203095658,-0.23828860133576524,-0.23828860133576524,0.46722748208551496,-11.831468735327613,9.333333333333334,14.903299818867698,-66.72080837401427,9933.27919162598,9933.27919162598,10000.0,1000.0,0.011716700013494119,0.44110539997927845,2.00001522898674e-07,9.100011084228754e-06,0.6203831000020728,0.0014642000023741275,1.0746952000190504
Custom,2026-04-14,2026-04-21,mean_reversion,morning_only,False,static_pct,0.0015,1.0,0.0,15,none,target_1x_stop_low,0.5,eod,60.0,fixed_bars,4,0.0,next_open,20,0.001,20.0,0.0,20.0,fixed_bars,3,0.0,0.0,20,0.001,0.0,False,0.0,True,fixed_bars,4,0.0,0.0,0.55,0.45,-0.670378309483367,0.7800732685483869,32,16,0,4,8,37.5,8.108055772004226,-11.568616558035547,-4.189864434270632,-17.275796275180596,-0.4189864434270632,-0.4189864434270632,0.4205198987102246,-10.66502045506985,5.333333333333333,16.60989855102073,-67.03783094833011,9932.962169051663,9932.962169051663,10000.0,1000.0,0.014784200000576675,0.6347180999873672,3.00002284348011e-07,1.1199997970834374e-05,0.6856154999986757,0.00045900000259280205,1.3356099000084214
Custom,2026-04-14,2026-04-21,mean_reversion,morning_only,False,static_pct,0.0015,1.0,0.0,15,none,target_1x_stop_low,0.5,sma,80.0,fixed_bars,4,0.0,next_open,20,0.001,20.0,0.0,20.0,fixed_bars,3,0.0,0.0,20,0.001,0.0,False,0.0,True,fixed_bars,4,0.0,0.0,0.55,0.45,-0.6768274483997084,1.0837254295070347,58,29,0,5,8,41.37931034482759,5.183756124388746,-7.6404599019193915,-2.333887753102231,-19.627418203095658,-0.2333887753102231,-0.2333887753102231,0.4789138372727457,-12.661470933912735,9.666666666666666,14.131595029457051,-67.6827448399647,9932.31725516003,9932.31725516003,10000.0,1000.0,0.01021269999910146,0.4583219999913126,2.00001522898674e-07,8.800008799880743e-06,0.5271347000089008,0.0004091000009793788,0.9961036999884527
Custom,2026-04-14,2026-04-21,mean_reversion,morning_only,False,static_pct,0.001,1.0,0.0,15,none,target_1x_stop_low,0.5,eod,80.0,fixed_bars,4,0.0,next_open,20,0.001,20.0,0.0,20.0,fixed_bars,3,0.0,0.0,20,0.001,0.0,False,0.0,True,fixed_bars,4,0.0,0.0,0.55,0.45,-0.6986230709594929,0.9489383553767374,60,34,4,6,9,46.666666666666664,8.340553650457268,-11.664378637646571,-2.328743569864779,-18.912254013317124,-0.23287435698647793,-0.23287435698647793,0.625664227033577,-12.132991190667926,10.0,15.258546888316738,-69.86230709594338,9930.13769290405,9930.13769290405,10000.0,1000.0,0.011348400003043935,0.4292439999990165,2.00001522898674e-07,1.0199990356341004e-05,0.5505102999741212,0.00043929999810643494,0.9915741999866441
Custom,2026-04-14,2026-04-21,mean_reversion,full_day,False,static_pct,0.001,1.0,0.0,15,none,target_1x_stop_low,0.5,sma,80.0,fixed_bars,4,0.0,next_open,20,0.001,20.0,0.0,20.0,fixed_bars,3,0.0,0.0,20,0.001,0.0,False,0.0,True,fixed_bars,4,0.0,0.0,0.55,0.45,-0.7284427893943394,1.7017020637062896,192,112,16,29,10,70.83333333333334,4.206773476538481,-12.818031262287024,-0.7587945722856245,-46.47726326880036,-0.07587945722856246,-0.07587945722856246,0.7970373657655295,-6.073671061063336,32.0,31.705927011517993,-72.84427893941995,9927.155721060566,9927.155721060566,10000.0,1000.0,0.023343400011071935,1.1128629999875557,3.00002284348011e-07,1.09999964479357e-05,0.6359867000137456,0.0012085999769624323,1.7734334999986459
Custom,2026-04-14,2026-04-21,mean_reversion,full_day,False,static_pct,0.002,1.0,0.0,15,none,target_1x_stop_low,0.5,sma,80.0,fixed_bars,4,0.0,next_open,20,0.001,20.0,0.0,20.0,fixed_bars,3,0.0,0.0,20,0.001,0.0,False,0.0,True,fixed_bars,4,0.0,0.0,0.55,0.45,-0.7306953588572105,1.4872892135782785,146,81,8,16,10,64.38356164383562,4.965187661449042,-11.78589830668513,-1.0009525463795677,-46.60282854885463,-0.10009525463795675,-0.10009525463795675,0.7615483612953915,-7.269593839738017,24.333333333333332,26.636785888695677,-73.06953588570843,9926.930464114279,9926.930464114279,10000.0,1000.0,0.013112800021190196,0.4493036000058055,4.00003045797348e-07,1.4499993994832039e-05,0.5678528000134975,0.0013792999961879104,1.031828500010306
Custom,2026-04-14,2026-04-21,mean_reversion,full_day,False,static_pct,0.0015,1.0,0.0,15,none,target_1x_stop_low,0.5,sma,80.0,fixed_bars,4,0.0,next_open,20,0.001,20.0,0.0,20.0,fixed_bars,3,0.0,0.0,20,0.001,0.0,False,0.0,True,fixed_bars,4,0.0,0.0,0.55,0.45,-0.7447928873638922,1.6963289901794476,168,98,14,22,10,66.66666666666666,4.884410660022231,-12.42879591777215,-0.8866581992425635,-46.47726326880036,-0.08866581992425636,-0.08866581992425636,0.7859829210065195,-6.389041110787783,28.0,30.828493837400707,-74.47928873637534,9925.52071126361,9925.52071126361,10000.0,1000.0,0.012525800004368648,0.46996359998593107,2.00001522898674e-07,8.200004231184721e-06,0.6096936000103597,0.0012454000243451446,1.0934533999825362
Custom,2026-04-14,2026-04-21,mean_reversion,full_day,False,static_pct,0.001,1.0,0.0,15,none,target_1x_stop_low,0.5,sma,0.0,fixed_bars,4,0.0,next_open,20,0.001,20.0,0.0,20.0,fixed_bars,3,0.0,0.0,20,0.001,0.0,False,0.0,True,fixed_bars,4,0.0,0.0,0.55,0.45,-0.7690503461499975,1.6465476361960247,202,119,18,31,10,68.31683168316832,4.316419136100227,-11.710561093934388,-0.7614359862869776,-46.47726326880036,-0.07614359862869777,-0.07614359862869777,0.794776500251292,-6.558454129172218,33.666666666666664,30.9978540592431,-76.90503461498474,9923.094965385,9923.094965385,10000.0,1000.0,0.1080855000182055,0.7796355000173207,2.999731805175543e-07,1.1500000255182385e-05,0.6048135000164621,0.0012634999875444919,1.4938330000150017
Custom,2026-04-14,2026-04-21,mean_reversion,morning_only,False,static_pct,0.0015,1.0,0.0,15,none,target_1x_stop_low,0.5,eod,80.0,fixed_bars,4,0.0,next_open,20,0.001,20.0,0.0,20.0,fixed_bars,3,0.0,0.0,20,0.001,0.0,False,0.0,True,fixed_bars,4,0.0,0.0,0.55,0.45,-0.7941876981057066,1.0443004031302865,54,31,4,6,9,40.74074074074074,9.427151911025838,-11.444840051990653,-2.9414359189098604,-18.912254013317124,-0.29414359189098604,-0.29414359189098604,0.5662959822407447,-13.15057557216905,9.0,15.999147308976807,-79.41876981056623,9920.58123018943,9920.58123018943,10000.0,1000.0,0.010308099997928366,0.7107980000146199,3.00002284348011e-07,1.1199997970834374e-05,0.8920434000028763,0.0005126000032760203,1.6136972999956924
Custom,2026-04-14,2026-04-21,mean_reversion,morning_only,False,static_pct,0.002,1.0,0.0,15,none,target_1x_stop_low,0.5,eod,80.0,fixed_bars,4,0.0,next_open,20,0.001,20.0,0.0,20.0,fixed_bars,3,0.0,0.0,20,0.001,0.0,False,0.0,True,fixed_bars,4,0.0,0.0,0.55,0.45,-0.797790208805909,1.047895588349642,52,28,2,5,9,38.46153846153847,10.150137612106255,-11.330024812603043,-3.0684238800225434,-18.912254013317124,-0.30684238800225433,-0.30684238800225433,0.5599136906134392,-13.052536558258286,8.666666666666666,16.192717040186896,-79.77902088058613,9920.22097911941,9920.22097911941,10000.0,1000.0,0.012931200006278232,0.6868248999817297,3.00002284348011e-07,1.4199991710484028e-05,0.9174949000007473,0.0011801999935414642,1.6184737000148743
Custom,2026-04-14,2026-04-21,mean_reversion,full_day,False,static_pct,0.0015,1.0,0.0,15,none,target_1x_stop_low,0.5,sma,0.0,fixed_bars,4,0.0,next_open,20,0.001,20.0,0.0,20.0,fixed_bars,3,0.0,0.0,20,0.001,0.0,False,0.0,True,fixed_bars,4,0.0,0.0,0.55,0.45,-0.8263972040804037,1.6819463323478254,176,103,15,23,10,63.63636363636363,5.052710095819401,-11.424733930434797,-0.9390877319093985,-46.47726326880036,-0.09390877319093986,-0.09390877319093986,0.7739561132473076,-7.063487183290389,29.333333333333332,30.93487868199226,-82.63972040802707,9917.36027959196,9917.36027959196,10000.0,1000.0,0.011408999998820946,0.5416812999756075,4.00003045797348e-07,1.3500015484169126e-05,0.6404038000036962,0.0014605999749619514,1.1950313999841455
Custom,2026-04-14,2026-04-21,mean_reversion,full_day,False,static_pct,0.001,1.0,0.0,15,none,target_1x_stop_low,0.5,sma,60.0,fixed_bars,4,0.0,next_open,20,0.001,20.0,0.0,20.0,fixed_bars,3,0.0,0.0,20,0.001,0.0,False,0.0,True,fixed_bars,4,0.0,0.0,0.55,0.45,-0.8303263795024213,1.5932782455585874,176,92,4,22,10,71.5909090909091,3.9578105418254634,-13.294988083409335,-0.943552703979877,-46.47726326880036,-0.09435527039798769,-0.09435527039798769,0.7501836408447943,-8.854243243536914,29.333333333333332,24.801643287977573,-83.03263795022917,9916.967362049758,9916.967362049758,10000.0,1000.0,0.009705000004032627,0.46056829998269677,3.00002284348011e-07,1.0099989594891667e-05,0.5517254000005778,0.0012180999910924584,1.0232460999977775
Custom,2026-04-14,2026-04-21,mean_reversion,morning_only,False,static_pct,0.002,1.0,0.0,15,none,target_1x_stop_low,0.5,sma,0.0,fixed_bars,4,0.0,next_open,20,0.001,20.0,0.0,20.0,fixed_bars,3,0.0,0.0,20,0.001,0.0,False,0.0,True,fixed_bars,4,0.0,0.0,0.55,0.45,-0.9700201935239419,1.2926916673773456,74,38,1,6,9,40.54054054054054,5.247409419924604,-7.9869618477843884,-2.6216761987131756,-32.50452079881404,-0.26216761987131754,-0.26216761987131754,0.44795245277665646,-18.442886720758466,12.333333333333334,13.904456642734436,-97.00201935238749,9902.997980647606,9902.997980647606,10000.0,1000.0,0.01075789998867549,0.4066896000003908,3.00002284348011e-07,9.90001717582345e-06,0.6342949999962002,0.0005556999822147191,1.0523273999860976
Custom,2026-04-14,2026-04-21,mean_reversion,morning_only,False,static_pct,0.001,1.0,0.0,15,none,target_1x_stop_low,0.5,sma,0.0,fixed_bars,4,0.0,next_open,20,0.001,20.0,0.0,20.0,fixed_bars,3,0.0,0.0,20,0.001,0.0,False,0.0,True,fixed_bars,4,0.0,0.0,0.55,0.45,-1.0045579368954896,1.326646013442321,82,44,3,8,9,46.34146341463415,4.528971177094119,-8.47755663883319,-2.450141309501022,-32.50452079881404,-0.2450141309501022,-0.2450141309501022,0.4613810753540198,-17.799518872640334,13.666666666666666,14.91230624499812,-100.4557936895419,9899.544206310451,9899.544206310451,10000.0,1000.0,0.010167000000365078,0.4436688999994658,3.00002284348011e-07,1.0400020983070135e-05,0.639626699994551,0.0013136999914422631,1.094806700013578
Custom,2026-04-14,2026-04-21,mean_reversion,morning_only,False,static_pct,0.0015,1.0,0.0,15,none,target_1x_stop_low,0.5,sma,0.0,fixed_bars,4,0.0,next_open,20,0.001,20.0,0.0,20.0,fixed_bars,3,0.0,0.0,20,0.001,0.0,False,0.0,True,fixed_bars,4,0.0,0.0,0.55,0.45,-1.0240985157261275,1.3465368920125524,74,39,2,7,9,40.54054054054054,5.2966799771245405,-8.266365964976092,-2.7678338262866466,-32.50452079881404,-0.27678338262866464,-0.27678338262866464,0.4368754936542744,-18.111265812770373,12.333333333333334,14.943552532699421,-102.40985157260593,9897.590148427387,9897.590148427387,10000.0,1000.0,0.020930200000293553,1.1211751999799162,2.00001522898674e-07,9.90001717582345e-06,0.5968503000040073,0.0005151999939698726,1.7395004999998491
Custom,2026-04-14,2026-04-21,mean_reversion,full_day,False,static_pct,0.002,1.0,0.0,15,none,target_1x_stop_low,0.5,sma,0.0,fixed_bars,4,0.0,next_open,20,0.001,20.0,0.0,20.0,fixed_bars,3,0.0,0.0,20,0.001,0.0,False,0.0,True,fixed_bars,4,0.0,0.0,0.55,0.45,-1.1162121012469832,1.8418317125583887,158,92,13,18,10,60.75949367088608,5.057981521906295,-11.432397521812518,-1.4129267104390626,-46.60282854885463,-0.14129267104390625,-0.14129267104390625,0.6850455741500796,-9.166951085877086,26.333333333333332,32.25357350782912,-111.62121012468594,9888.378789875302,9888.378789875302,10000.0,1000.0,0.01581009998335503,0.45180290000280365,3.00002284348011e-07,9.400013368576765e-06,0.5902176999952644,0.0024653000000398606,1.060323999990942
