symbol,strategy_mode,signal_ts,entry_ts,signal_hour,time_bucket,month,date,action,reason,hybrid_branch_active,hybrid_regime_branch,mr_signal,price,sma,trend_sma,trend_sma_slope,atr_pct,atr_percentile,volatility_regime,adx,trend_proxy,bullish_regime,priority,entry_open,entry_fill,fwd_4b_gross_pct,fwd_4b_net_pct
AMD,trend_pullback,2026-01-16 10:00:00-05:00,2026-01-16 10:15:00-05:00,10:00,open_30m,2026-01,2026-01-16,BUY,trend_pullback_entry,,,,232.48,232.94366666666667,229.1555,1.1055999999999813,0.009009446545608419,73.80952380952381,high_vol,35.11422700951582,trend,bearish,0.0,232.37,232.42000000000002,0.320609372982745,0.27551484381722274
AMD,trend_pullback,2026-01-16 10:15:00-05:00,2026-01-16 10:30:00-05:00,10:00,open_30m,2026-01,2026-01-16,BUY,trend_pullback_entry,,,,231.5,232.529,229.38459999999998,1.0682999999999652,0.00903076511200234,72.09302325581395,high_vol,33.49890962419143,trend,bearish,0.0,231.6,231.65,0.6044905008635604,0.5591914526224855
AMD,trend_pullback,2026-01-16 10:30:00-05:00,2026-01-16 10:45:00-05:00,10:00,morning,2026-01,2026-01-16,BUY,trend_pullback_entry,,,,230.91,232.079,229.6038,1.0553000000000168,0.008852579423204783,68.18181818181819,high_vol,31.591636931714834,trend,bearish,0.0,231.31,231.36,0.4409666681077386,0.39564868603042663
AMD,trend_pullback,2026-01-21 13:15:00-05:00,2026-01-21 13:30:00-05:00,13:00,midday,2026-01,2026-01-21,BUY,trend_pullback_entry,,,,245.195,247.75199999999998,238.14430000000002,1.4092000000000269,0.00922451311054761,85.98130841121495,high_vol,35.36933441441891,trend,bearish,0.0,245.235,245.28500000000003,1.1478785654576213,1.1048756752349165
AMD,trend_pullback,2026-01-21 13:30:00-05:00,2026-01-21 13:45:00-05:00,13:00,afternoon,2026-01,2026-01-21,BUY,trend_pullback_entry,,,,245.13,247.72866666666667,238.4227,1.4270999999999674,0.00883305604543053,80.55555555555556,high_vol,34.55881393035155,trend,bearish,0.0,244.92,244.97,2.033317001469875,1.990080662938317
AMD,trend_pullback,2026-01-21 13:45:00-05:00,2026-01-21 14:00:00-05:00,13:00,afternoon,2026-01,2026-01-21,BUY,trend_pullback_entry,,,,245.29,247.6953333333333,238.6975,1.4534999999999627,0.008585525986561968,75.22935779816514,high_vol,33.65945140514852,trend,bearish,0.0,245.225,245.275,2.50586196350291,2.4625805728264365
AMD,trend_pullback,2026-01-21 14:00:00-05:00,2026-01-21 14:15:00-05:00,14:00,afternoon,2026-01,2026-01-21,BUY,trend_pullback_entry,,,,244.72,247.55599999999998,238.95950000000002,1.3977000000000146,0.008311909733622449,65.45454545454545,mid_vol,32.57479128938265,trend,bearish,0.0,244.69,244.74,2.362172544852671,2.3188302688567433
AMD,trend_pullback,2026-01-22 13:45:00-05:00,2026-01-22 14:00:00-05:00,13:00,afternoon,2026-01,2026-01-22,BUY,trend_pullback_entry,,,,252.58,253.499,247.6049,2.150299999999987,0.0065160635151514795,24.444444444444443,low_vol,32.145560079843754,trend,bearish,0.0,253.0,253.05,0.38339920948616557,0.341805572021326
AMD,trend_pullback,2026-01-23 13:15:00-05:00,2026-01-23 13:30:00-05:00,13:00,midday,2026-01,2026-01-23,BUY,trend_pullback_entry,,,,258.34,260.4866666666667,254.87240000000003,1.2151000000000352,0.0071491249296348975,41.509433962264154,mid_vol,33.96863279676654,trend,bearish,0.0,258.18,258.23,-0.2401425362150455,-0.2808212059017251
AMD,trend_pullback,2026-01-23 13:30:00-05:00,2026-01-23 13:45:00-05:00,13:00,afternoon,2026-01,2026-01-23,BUY,trend_pullback_entry,,,,257.01,260.036,255.1182,1.2231000000000165,0.007042461979296085,38.125,mid_vol,32.17576029138028,trend,bearish,0.0,256.92,256.97,0.7083917172660724,0.667338833326835
AMD,trend_pullback,2026-01-23 13:45:00-05:00,2026-01-23 14:00:00-05:00,13:00,afternoon,2026-01,2026-01-23,BUY,trend_pullback_entry,,,,256.51,259.57466666666664,255.28740000000002,1.160899999999998,0.006744315452164362,31.055900621118013,low_vol,30.151187248529418,trend,bearish,0.0,256.53,256.58,1.1772502241453393,1.136046613142105
AMD,trend_pullback,2026-01-23 14:00:00-05:00,2026-01-23 14:15:00-05:00,14:00,afternoon,2026-01,2026-01-23,BUY,trend_pullback_entry,,,,256.61,259.088,255.4216,1.06280000000001,0.006461945207638832,26.54320987654321,low_vol,28.321885982910562,trend,bearish,0.0,256.67,256.72,1.1454396696146794,1.1042636335306837
AMD,trend_pullback,2026-01-23 14:15:00-05:00,2026-01-23 14:30:00-05:00,14:00,afternoon,2026-01,2026-01-23,BUY,trend_pullback_entry,,,,257.56,258.78866666666664,255.5454,0.9339999999999975,0.006383144253909947,25.153374233128833,low_vol,26.930489780227116,trend,bearish,0.0,257.55,257.6,0.4232187924674723,0.38231677018632126
AMD,trend_pullback,2026-02-02 14:45:00-05:00,2026-02-02 15:00:00-05:00,14:00,afternoon,2026-02,2026-02-02,BUY,trend_pullback_entry,,,,246.45,248.30066666666667,243.8689,0.006300000000010186,0.005889703071680666,25.856697819314643,low_vol,23.34733133295118,mixed,bearish,0.0,246.48,246.53,-0.11359948068808874,-0.15613945564434745
AMD,trend_pullback,2026-02-03 09:30:00-05:00,2026-02-03 09:45:00-05:00,09:00,open_30m,2026-02,2026-02-03,BUY,trend_pullback_entry,,,,245.92,247.72666666666666,243.8764,0.007499999999993179,0.007101745302785563,48.15950920245399,mid_vol,20.97245125446802,mixed,bearish,0.0,246.22,246.27,-1.4133701567703638,-1.455689040484026
AMD,trend_pullback,2026-02-06 14:00:00-05:00,2026-02-06 14:15:00-05:00,14:00,afternoon,2026-02,2026-02-06,BUY,trend_pullback_entry,,,,206.57,207.47166666666666,199.45950000000002,0.6291000000000224,0.007928978276906286,31.753554502369667,low_vol,44.11638071416095,trend,bearish,0.0,206.56,206.61,0.19848954298992863,0.14804114031264817
AMD,trend_pullback,2026-02-06 14:15:00-05:00,2026-02-06 14:30:00-05:00,14:00,afternoon,2026-02,2026-02-06,BUY,trend_pullback_entry,,,,206.855,207.541,199.5178,0.5509999999999877,0.007640810351829237,28.60520094562648,low_vol,42.86125060840675,trend,bearish,0.0,206.85,206.9,0.49794537104181835,0.4474925084581855
AMD,trend_pullback,2026-02-06 14:30:00-05:00,2026-02-06 14:45:00-05:00,14:00,afternoon,2026-02,2026-02-06,BUY,trend_pullback_entry,,,,206.26,207.56533333333334,199.595,0.4925999999999817,0.007389085110768412,25.943396226415093,low_vol,41.64765198396878,trend,bearish,0.0,206.28,206.33,1.0374248594143816,0.986707410458962
AMD,trend_pullback,2026-02-06 14:45:00-05:00,2026-02-06 15:00:00-05:00,14:00,afternoon,2026-02,2026-02-06,BUY,trend_pullback_entry,,,,206.285,207.4296666666667,199.6721,0.42730000000000246,0.007173828522367531,22.352941176470587,low_vol,40.60733508303074,trend,bearish,0.0,206.25,206.3,0.9696969696969697,0.9189888511875778
AMD,trend_pullback,2026-02-06 15:00:00-05:00,2026-02-06 15:15:00-05:00,15:00,afternoon,2026-02,2026-02-06,BUY,trend_pullback_entry,,,,206.97,207.38633333333334,199.7504,0.37180000000000746,0.007003462136533116,20.187793427230048,low_vol,39.38940857292396,trend,bearish,0.0,206.965,207.01500000000001,1.5195806054163796,1.468907905224262
AMD,trend_pullback,2026-02-24 15:00:00-05:00,2026-02-24 15:15:00-05:00,15:00,afternoon,2026-02,2026-02-24,BUY,trend_pullback_entry,,,,213.84,214.4,204.0133,1.432299999999998,0.007732962687070864,53.10077519379845,mid_vol,51.73826448139854,trend,bullish,0.0,213.63,213.68,-0.8519402705612475,-0.900539872706861
AMD,trend_pullback,2026-02-24 15:15:00-05:00,2026-02-24 15:30:00-05:00,15:00,afternoon,2026-02,2026-02-24,BUY,trend_pullback_entry,,,,213.06,214.5413333333333,204.2755,1.4147000000000105,0.007662837307077155,51.644100580270795,mid_vol,50.23858067045976,trend,bullish,0.0,213.02,213.07000000000002,-0.38728757863112245,-0.4361296287605114
AMD,trend_pullback,2026-02-24 15:30:00-05:00,2026-02-24 15:45:00-05:00,15:00,afternoon,2026-02,2026-02-24,BUY,trend_pullback_entry,,,,214.24,214.634,204.5573,1.413899999999984,0.007519728714257767,51.15830115830116,mid_vol,49.07475454828263,trend,bullish,0.0,214.24,214.29000000000002,-0.5507841672890248,-0.5993213869056035
AMD,trend_pullback,2026-02-25 09:30:00-05:00,2026-02-25 09:45:00-05:00,09:00,open_30m,2026-02,2026-02-25,BUY,trend_pullback_entry,,,,211.81,214.471,205.16549999999998,1.4329999999999927,0.008957862429567136,68.21862348178138,high_vol,44.755310349266246,trend,bullish,0.0,211.75,211.8,0.38961038961038424,0.34030406043435735
AMD,trend_pullback,2026-02-25 09:45:00-05:00,2026-02-25 10:00:00-05:00,09:00,open_30m,2026-02,2026-02-25,BUY,trend_pullback_entry,,,,212.195,214.25333333333336,205.4486,1.4353000000000122,0.00929931125874313,73.53535353535354,high_vol,41.70291745381299,trend,bullish,0.0,212.19,212.24,-0.3675950798812391,-0.41662495288353507
AMD,trend_pullback,2026-02-25 10:00:00-05:00,2026-02-25 10:15:00-05:00,10:00,open_30m,2026-02,2026-02-25,BUY,trend_pullback_entry,,,,213.06,214.04799999999997,205.7504,1.4749000000000194,0.009205145292116568,72.78225806451613,high_vol,38.86855262232068,trend,bullish,0.0,213.12,213.17000000000002,-0.7460585585585602,-0.7947944832762687
AMD,trend_pullback,2026-02-25 10:30:00-05:00,2026-02-25 10:45:00-05:00,10:00,morning,2026-02,2026-02-25,BUY,trend_pullback_entry,,,,212.575,213.64833333333334,206.4303,1.5427999999999997,0.008928564354323501,67.8714859437751,high_vol,33.84068465557006,trend,bullish,0.0,212.45,212.5,0.6095551894563501,0.5603529411764725
AMD,trend_pullback,2026-02-25 10:45:00-05:00,2026-02-25 11:00:00-05:00,10:00,morning,2026-02,2026-02-25,BUY,trend_pullback_entry,,,,211.41,213.43633333333335,206.7473,1.5818000000000154,0.008936212092637905,67.33466933867736,high_vol,32.450947474498115,trend,bullish,0.0,211.285,211.335,0.31000780935703015,0.26061622542407575
AMD,trend_pullback,2026-02-25 11:00:00-05:00,2026-02-25 11:15:00-05:00,11:00,morning,2026-02,2026-02-25,BUY,trend_pullback_entry,,,,211.53,213.18266666666665,207.0453,1.5966999999999985,0.008593735363629456,61.4,mid_vol,31.16047723493131,trend,bullish,0.0,211.55,211.60000000000002,0.41361380288347904,0.36425708884687535
AMD,trend_pullback,2026-02-25 11:15:00-05:00,2026-02-25 11:30:00-05:00,11:00,morning,2026-02,2026-02-25,BUY,trend_pullback_entry,,,,212.05,213.04866666666666,207.3543,1.6038999999999817,0.008411704429242096,59.68063872255489,mid_vol,29.747831034893842,trend,bullish,0.0,212.08,212.13000000000002,0.3394945303658991,0.29027360580773803
AMD,trend_pullback,2026-03-05 09:30:00-05:00,2026-03-05 09:45:00-05:00,09:00,open_30m,2026-03,2026-03-05,BUY,trend_pullback_entry,,,,200.56,201.42366666666666,195.6255,0.771899999999988,0.006487262612527334,25.963488843813387,low_vol,48.58276475150309,trend,bearish,0.0,200.44,200.49,0.39163839552983265,0.33966292583170343
AMD,trend_pullback,2026-03-05 10:15:00-05:00,2026-03-05 10:30:00-05:00,10:00,open_30m,2026-03,2026-03-05,BUY,trend_pullback_entry,,,,200.61,201.60833333333332,196.3825,1.184899999999999,0.0077025542228890565,57.056451612903224,mid_vol,40.15720436749075,trend,bearish,0.0,200.655,200.705,0.10216540828786351,0.050315587553859585
AMD,trend_pullback,2026-03-05 10:30:00-05:00,2026-03-05 10:45:00-05:00,10:00,morning,2026-03,2026-03-05,BUY,trend_pullback_entry,,,,201.225,201.60399999999998,196.6036,1.170899999999989,0.007783654485738801,58.14889336016097,mid_vol,38.369208638293216,trend,bearish,0.0,201.2,201.25,0.31312127236581705,0.26135403726707407
AMD,trend_pullback,2026-03-05 11:15:00-05:00,2026-03-05 11:30:00-05:00,11:00,morning,2026-03,2026-03-05,BUY,trend_pullback_entry,,,,200.86,201.55666666666667,197.2452,1.0893000000000086,0.007599639561805619,54.0,mid_vol,31.067982368054743,trend,bullish,0.0,200.9,200.95000000000002,-0.4878048780487895,-0.5394471261508101
AMD,trend_pullback,2026-03-10 14:00:00-04:00,2026-03-10 14:15:00-04:00,14:00,afternoon,2026-03,2026-03-10,BUY,trend_pullback_entry,,,,204.02,204.788,199.11860000000001,0.8422999999999945,0.006145009379950032,21.135029354207436,low_vol,36.577257081052615,trend,bullish,0.0,204.185,204.235,0.05142395376741179,0.00044816020757707523
AMD,trend_pullback,2026-03-10 14:15:00-04:00,2026-03-10 14:30:00-04:00,14:00,afternoon,2026-03,2026-03-10,BUY,trend_pullback_entry,,,,204.12,204.796,199.27900000000002,0.8529000000000053,0.006224686661230877,22.8515625,low_vol,34.671720005323685,trend,bullish,0.0,204.21,204.26000000000002,-0.2595367513833804,-0.3104304318026266
AMD,trend_pullback,2026-03-17 11:00:00-04:00,2026-03-17 11:15:00-04:00,11:00,morning,2026-03,2026-03-17,BUY,trend_pullback_entry,,,,197.09,197.811,196.5392,0.25629999999998176,0.006231984997943936,32.06412825651302,low_vol,20.63419421759655,mixed,bearish,0.0,197.235,197.28500000000003,-0.6844626967830368,-0.7369773170793679
AMD,trend_pullback,2026-03-20 09:45:00-04:00,2026-03-20 10:00:00-04:00,09:00,open_30m,2026-03,2026-03-20,BUY,trend_pullback_entry,,,,202.06,202.676,200.46189999999999,0.6327999999999747,0.007692206428107949,78.74493927125506,high_vol,21.32500417277003,mixed,bullish,0.0,202.15,202.20000000000002,-0.5540440267128393,-0.6053630069238466
AMD,trend_pullback,2026-03-20 10:00:00-04:00,2026-03-20 10:15:00-04:00,10:00,open_30m,2026-03,2026-03-20,BUY,trend_pullback_entry,,,,200.81,202.70033333333333,200.50529999999998,0.5024999999999977,0.007740342328293761,78.78787878787878,high_vol,20.270443565272124,mixed,bullish,0.0,201.1,201.15,0.5967180507210428,0.5448555804126273
AMD,trend_pullback,2026-03-23 13:15:00-04:00,2026-03-23 13:30:00-04:00,13:00,midday,2026-03,2026-03-23,BUY,trend_pullback_entry,,,,203.57,205.17766666666665,202.75459999999998,0.30109999999999104,0.007564903656808678,73.87033398821218,high_vol,20.923751927081547,mixed,bullish,0.0,203.67,203.72,0.4173417783669774,0.36615236599253653
AMD,trend_pullback,2026-03-26 09:30:00-04:00,2026-03-26 09:45:00-04:00,09:00,open_30m,2026-03,2026-03-26,BUY,trend_pullback_entry,,,,217.12,219.657,211.8897,1.704499999999996,0.006924979182171069,76.3157894736842,high_vol,45.70093952968733,trend,bullish,0.0,217.14,217.19,-3.357281016855482,-3.4045507620056243
AMD,trend_pullback,2026-03-26 09:45:00-04:00,2026-03-26 10:00:00-04:00,09:00,open_30m,2026-03,2026-03-26,BUY,trend_pullback_entry,,,,215.145,219.43066666666667,212.1726,1.650999999999982,0.00731937239683163,84.24242424242425,high_vol,43.575581328065546,trend,bullish,0.0,215.25,215.3,-3.4099883855981434,-3.4576432884347588
AMD,trend_pullback,2026-03-26 10:00:00-04:00,2026-03-26 10:15:00-04:00,10:00,open_30m,2026-03,2026-03-26,BUY,trend_pullback_entry,,,,213.81,219.14733333333334,212.40439999999998,1.5285999999999547,0.0076441175630274074,89.91935483870968,high_vol,42.21235267595421,trend,bullish,0.0,213.51,213.56,-2.5478900285700896,-2.596118748829372
AMD,trend_pullback,2026-04-01 13:45:00-04:00,2026-04-01 14:00:00-04:00,13:00,afternoon,2026-04,2026-04-01,BUY,trend_pullback_entry,,,,211.5,212.31300000000002,204.1089,1.626100000000008,0.005818887745316469,32.6171875,low_vol,51.04354400540029,trend,bullish,0.0,211.415,211.465,-0.7426152354374067,-0.7917287967275911
AMD,trend_pullback,2026-04-01 14:00:00-04:00,2026-04-01 14:15:00-04:00,14:00,afternoon,2026-04,2026-04-01,BUY,trend_pullback_entry,,,,210.61,212.30433333333335,204.4039,1.5836999999999932,0.005836458673020414,32.358674463937625,low_vol,48.74450534354071,trend,bullish,0.0,210.5,210.55,0.23277909738717772,0.183229161719305
AMD,trend_pullback,2026-04-01 14:15:00-04:00,2026-04-01 14:30:00-04:00,14:00,afternoon,2026-04,2026-04-01,BUY,trend_pullback_entry,,,,209.17,212.20166666666668,204.68290000000002,1.5259000000000071,0.005982767022935139,35.21400778210117,mid_vol,45.40739503559738,trend,bullish,0.0,209.15,209.20000000000002,1.1953143676786995,1.1452275334607862
AMD,trend_pullback,2026-04-01 14:30:00-04:00,2026-04-01 14:45:00-04:00,14:00,afternoon,2026-04,2026-04-01,BUY,trend_pullback_entry,,,,209.8,212.05900000000003,205.0079,1.5326000000000306,0.006034114093842927,36.50485436893204,mid_vol,42.27061021708022,trend,bullish,0.0,209.94,209.99,0.18338572925597357,0.13372074860706107
AMD,trend_pullback,2026-04-01 14:45:00-04:00,2026-04-01 15:00:00-04:00,14:00,afternoon,2026-04,2026-04-01,BUY,trend_pullback_entry,,,,209.845,211.9116666666667,205.3396,1.541499999999985,0.005850387115506067,31.589147286821706,low_vol,39.35788145702857,trend,bullish,0.0,209.97,210.02,0.11906462828023051,0.06942176935530142
AMD,trend_pullback,2026-04-01 15:00:00-04:00,2026-04-01 15:15:00-04:00,15:00,afternoon,2026-04,2026-04-01,BUY,trend_pullback_entry,,,,210.99,211.85566666666668,205.6732,1.564300000000003,0.005824503630941817,32.10831721470019,low_vol,37.232074761080526,trend,bullish,0.0,211.01,211.06,-4.668025212075254,-4.716299251397709
AMD,trend_pullback,2026-04-01 15:30:00-04:00,2026-04-01 15:45:00-04:00,15:00,afternoon,2026-04,2026-04-01,BUY,trend_pullback_entry,,,,210.325,211.61599999999999,206.22990000000001,1.546999999999997,0.0058538202918374275,33.333333333333336,mid_vol,34.27590300170365,trend,bullish,0.0,210.28,210.33,-0.9986684420772277,-1.047975372034432
AMD,trend_pullback,2026-04-02 10:00:00-04:00,2026-04-02 10:15:00-04:00,10:00,open_30m,2026-04,2026-04-02,BUY,trend_pullback_entry,,,,208.18,209.86066666666665,206.72170000000003,0.7361000000000217,0.010328435624541263,99.59758551307847,high_vol,34.14874635296959,trend,bullish,0.0,208.31,208.36,2.7939129182468405,2.7432486081781464
AMD,trend_pullback,2026-04-02 10:15:00-04:00,2026-04-02 10:30:00-04:00,10:00,open_30m,2026-04,2026-04-02,BUY,trend_pullback_entry,,,,209.03,209.56599999999997,206.9181,0.6881999999999948,0.010221450942831507,99.39759036144578,high_vol,33.02161251579439,trend,bullish,0.0,208.98,209.03,2.58637190161738,2.535913218198334
AMD,trend_pullback,2026-04-06 13:15:00-04:00,2026-04-06 13:30:00-04:00,13:00,midday,2026-04,2026-04-06,BUY,trend_pullback_entry,,,,219.73,220.369,215.3033,0.7024000000000115,0.0068915475916985405,65.88235294117646,mid_vol,27.499238677786185,trend,bullish,0.0,219.755,219.805,0.1706445814657232,0.12311089374672975
AMD,trend_pullback,2026-04-06 13:45:00-04:00,2026-04-06 14:00:00-04:00,13:00,afternoon,2026-04,2026-04-06,BUY,trend_pullback_entry,,,,219.54,220.02333333333334,215.6978,0.8135000000000048,0.006376000425350006,53.90625,mid_vol,25.2777074968499,trend,bullish,0.0,219.5,219.55,0.23690205011389986,0.18930038715554928
AMD,trend_pullback,2026-04-06 14:00:00-04:00,2026-04-06 14:15:00-04:00,14:00,afternoon,2026-04,2026-04-06,BUY,trend_pullback_entry,,,,219.49,219.96866666666665,215.8916,0.8701000000000079,0.0061204326698767395,46.00389863547758,mid_vol,24.084523408515064,mixed,bullish,0.0,219.71,219.76000000000002,0.18205816758454585,0.13451255915543925
AMD,trend_pullback,2026-04-08 14:45:00-04:00,2026-04-08 15:00:00-04:00,14:00,afternoon,2026-04,2026-04-08,BUY,trend_pullback_entry,,,,229.97,231.9453333333333,224.03009999999998,1.1982999999999606,0.00610877949954803,57.17054263565891,mid_vol,43.21678429917932,trend,bullish,0.0,229.95,230.0,0.8132202652750617,0.7675652173912908
AMD,trend_pullback,2026-04-08 15:00:00-04:00,2026-04-08 15:15:00-04:00,15:00,afternoon,2026-04,2026-04-08,BUY,trend_pullback_entry,,,,231.05,231.94333333333333,224.2561,1.169099999999986,0.006101916183770924,57.640232108317214,mid_vol,41.40424719142549,trend,bullish,0.0,231.11,231.16000000000003,1.8173164294059057,1.7716632635403813
AMD,trend_pullback,2026-04-08 15:15:00-04:00,2026-04-08 15:30:00-04:00,15:00,afternoon,2026-04,2026-04-08,BUY,trend_pullback_entry,,,,230.68,231.95733333333334,224.46630000000002,1.1107000000000085,0.005978603800373902,51.93050193050193,mid_vol,39.822316298185875,trend,bullish,0.0,230.69,230.74,1.2484286271619902,1.202819277108415
AMD,trend_pullback,2026-04-08 15:30:00-04:00,2026-04-08 15:45:00-04:00,15:00,afternoon,2026-04,2026-04-08,BUY,trend_pullback_entry,,,,231.13,231.90533333333332,224.7055,1.1034999999999968,0.005716905211264314,43.737957610789984,mid_vol,38.3533804687491,trend,bullish,0.0,231.11,231.16000000000003,0.9259659902211009,0.8805056238103247
AMD,trend_pullback,2026-04-09 13:45:00-04:00,2026-04-09 14:00:00-04:00,13:00,afternoon,2026-04,2026-04-09,BUY,trend_pullback_entry,,,,233.95,234.588,230.85240000000002,1.5515000000000043,0.005307651080339087,33.203125,low_vol,41.16110457430168,trend,bullish,0.0,233.945,233.995,0.9254311910919321,0.8804974892625979
AMD,trend_pullback,2026-04-10 13:15:00-04:00,2026-04-10 13:30:00-04:00,13:00,midday,2026-04,2026-04-10,BUY,trend_pullback_entry,,,,245.51,246.1663333333333,237.9909,1.2227000000000032,0.005948600781808257,57.450980392156865,mid_vol,45.229711293505076,trend,bullish,0.0,245.33,245.38000000000002,0.2486446826723129,0.2058408998288087
AMD,trend_pullback,2026-04-10 14:30:00-04:00,2026-04-10 14:45:00-04:00,14:00,afternoon,2026-04,2026-04-10,BUY,trend_pullback_entry,,,,245.16,245.763,239.3884,1.3974999999999795,0.004875995952847551,25.825242718446603,low_vol,39.757713787293774,trend,bullish,0.0,245.06,245.11,0.3142087652003632,0.27134666068294566
AMD,trend_pullback,2026-04-13 09:30:00-04:00,2026-04-13 09:45:00-04:00,09:00,open_30m,2026-04,2026-04-13,BUY,trend_pullback_entry,,,,243.65,245.29033333333334,240.8969,1.2171999999999628,0.004816618218423661,21.818181818181817,low_vol,31.99322305564567,trend,bullish,0.0,243.07,243.12,0.557452585674916,0.5142059888121139
AMD,trend_pullback,2026-04-13 09:45:00-04:00,2026-04-13 10:00:00-04:00,09:00,open_30m,2026-04,2026-04-13,BUY,trend_pullback_entry,,,,243.41,245.26766666666666,241.12169999999998,1.1525999999999783,0.00495530685320653,24.596774193548388,low_vol,30.98175221411522,trend,bullish,0.0,243.9,243.95000000000002,0.18450184501844552,0.14147202295552005
AMD,trend_pullback,2026-04-13 10:00:00-04:00,2026-04-13 10:15:00-04:00,10:00,open_30m,2026-04,2026-04-13,BUY,trend_pullback_entry,,,,242.97,245.11499999999998,241.30829999999997,1.0587999999999624,0.005153553976330711,31.187122736418512,low_vol,29.35680148179626,trend,bullish,0.0,242.95,243.0,0.6626877958427716,0.6193991769547323
AMD,trend_pullback,2026-04-13 10:15:00-04:00,2026-04-13 10:45:00-04:00,10:00,open_30m,2026-04,2026-04-13,BUY,trend_pullback_entry,,,,243.155,244.9826666666667,241.4684,1.0085000000000264,0.004955118905688596,24.29718875502008,low_vol,27.847918658928652,trend,bullish,0.0,243.49,243.54000000000002,0.4805125467164924,0.4373528783772599
AMD,trend_pullback,2026-04-13 10:45:00-04:00,2026-04-13 11:00:00-04:00,10:00,morning,2026-04,2026-04-13,BUY,trend_pullback_entry,,,,244.425,244.91033333333334,241.6475,0.9586000000000183,0.004961558522966506,25.450901803607213,low_vol,26.071992592204854,trend,bullish,0.0,244.235,244.28500000000003,0.3746391794787774,0.3316267065108263
AMD,trend_pullback,2026-04-13 11:00:00-04:00,2026-04-13 11:15:00-04:00,11:00,morning,2026-04,2026-04-13,BUY,trend_pullback_entry,,,,244.35,244.81300000000002,241.847,0.9501000000000204,0.004956437266710265,25.2,low_vol,24.56945219446621,mixed,bullish,0.0,244.38,244.43,0.1718634912840723,0.12891682690340076
HON,trend_pullback,2026-01-16 13:30:00-05:00,2026-01-16 13:45:00-05:00,13:00,afternoon,2026-01,2026-01-16,BUY,trend_pullback_entry,,,,219.34,219.763,215.87939999999998,0.8141999999999712,0.0035076594704007828,44.642857142857146,mid_vol,41.16519466543502,trend,bearish,0.0,219.365,219.41500000000002,0.16638935108152197,0.11877569901782863
HON,trend_pullback,2026-01-16 14:15:00-05:00,2026-01-16 14:30:00-05:00,14:00,afternoon,2026-01,2026-01-16,BUY,trend_pullback_entry,,,,219.45,219.81,216.3338,0.7712000000000216,0.003276862564638215,32.20338983050848,low_vol,35.73452686490355,trend,bearish,0.0,219.5,219.55,-0.03872437357631342,-0.0862632657709014
HON,trend_pullback,2026-01-16 14:45:00-05:00,2026-01-16 15:00:00-05:00,14:00,afternoon,2026-01,2026-01-16,BUY,trend_pullback_entry,,,,219.38,219.77433333333332,216.5977,0.7183000000000277,0.0031106719534705818,24.59016393442623,low_vol,32.629096048731455,trend,bearish,0.0,219.29,219.34,0.059282229011808775,0.0116773958238241
HON,trend_pullback,2026-01-16 15:30:00-05:00,2026-01-16 15:45:00-05:00,15:00,afternoon,2026-01,2026-01-16,BUY,trend_pullback_entry,,,,219.345,219.68366666666668,217.00240000000002,0.6686000000000263,0.002886883223314834,21.875,low_vol,28.160141823643478,trend,bearish,0.0,219.54,219.59,-1.6124624214266157,-1.659634682817989
HON,trend_pullback,2026-01-20 09:30:00-05:00,2026-01-20 09:45:00-05:00,09:00,open_30m,2026-01,2026-01-20,BUY,trend_pullback_entry,,,,217.82,219.52366666666666,217.2406,0.6428999999999974,0.004055135271410221,78.78787878787878,high_vol,28.187158331271274,trend,bearish,0.0,217.97,218.02,-0.4496031563976647,-0.4973673974864823
HON,trend_pullback,2026-01-20 09:45:00-05:00,2026-01-20 10:00:00-05:00,09:00,open_30m,2026-01,2026-01-20,BUY,trend_pullback_entry,,,,217.49,219.37366666666668,217.3132,0.5818999999999903,0.004063492030057688,79.1044776119403,high_vol,29.16241914094279,trend,bearish,0.0,217.09,217.14000000000001,-0.469851213782307,-0.517796260477121
HON,trend_pullback,2026-01-30 13:15:00-05:00,2026-01-30 13:30:00-05:00,13:00,midday,2026-01,2026-01-30,BUY,trend_pullback_entry,,,,226.38,227.808,225.2988,0.7317000000000178,0.003738070400080201,74.39446366782006,high_vol,22.87390592149216,mixed,bullish,0.0,226.53,226.58,0.3575685339690117,0.3113551063641921
HON,trend_pullback,2026-01-30 13:30:00-05:00,2026-01-30 13:45:00-05:00,13:00,afternoon,2026-01,2026-01-30,BUY,trend_pullback_entry,,,,226.46,227.65333333333334,225.4398,0.726399999999984,0.003655933215330374,69.65517241379311,high_vol,22.40078936594326,mixed,bullish,0.0,226.61,226.66000000000003,0.3044878866775507,0.2583017735815702
HON,trend_pullback,2026-02-03 13:30:00-05:00,2026-02-03 13:45:00-05:00,13:00,afternoon,2026-02,2026-02-03,BUY,trend_pullback_entry,,,,229.76,230.754,228.1929,0.36810000000002674,0.0029273772422172494,44.15204678362573,mid_vol,35.31357376602419,trend,bullish,0.0,229.61,229.66000000000003,-0.14589956883411348,-0.19141043281372278
HON,trend_pullback,2026-02-03 13:45:00-05:00,2026-02-03 14:00:00-05:00,13:00,afternoon,2026-02,2026-02-03,BUY,trend_pullback_entry,,,,229.29,230.6726666666667,228.2319,0.3077000000000112,0.0028811687436477366,42.565597667638485,mid_vol,32.93397261582535,trend,bullish,0.0,229.015,229.065,0.05894810383600172,0.013279505817126846
HON,trend_pullback,2026-02-03 14:00:00-05:00,2026-02-03 14:15:00-05:00,14:00,afternoon,2026-02,2026-02-03,BUY,trend_pullback_entry,,,,229.165,230.57166666666666,228.26919999999998,0.2535999999999774,0.0028420262867375236,41.27906976744186,mid_vol,31.46310694651231,trend,bullish,0.0,229.05,229.10000000000002,0.12224405151713649,0.07656831078130609
HON,trend_pullback,2026-02-03 14:15:00-05:00,2026-02-03 14:30:00-05:00,14:00,afternoon,2026-02,2026-02-03,BUY,trend_pullback_entry,,,,229.12,230.48733333333334,228.3202,0.22180000000000177,0.0028624452570090103,42.608695652173914,mid_vol,29.293250714205186,trend,bullish,0.0,229.25,229.3,0.33151581243183903,0.2858325337985093
HON,trend_pullback,2026-02-03 14:30:00-05:00,2026-02-03 14:45:00-05:00,14:00,afternoon,2026-02,2026-02-03,BUY,trend_pullback_entry,,,,229.275,230.39266666666666,228.3666,0.2131000000000256,0.0027278424053201076,38.4393063583815,mid_vol,27.278384212777148,trend,bullish,0.0,229.235,229.28500000000003,0.40351604248914125,0.3578142050286601
HON,trend_pullback,2026-02-03 14:45:00-05:00,2026-02-03 15:00:00-05:00,14:00,afternoon,2026-02,2026-02-03,BUY,trend_pullback_entry,,,,229.15,230.27866666666665,228.4016,0.20869999999999322,0.002585810566141009,34.5821325648415,mid_vol,25.572765641452502,trend,bullish,0.0,229.44,229.49,0.675557880055793,0.6298358098391987
HON,trend_pullback,2026-02-03 15:00:00-05:00,2026-02-03 15:15:00-05:00,15:00,afternoon,2026-02,2026-02-03,BUY,trend_pullback_entry,,,,229.33,230.17733333333334,228.4334,0.20150000000001,0.0025051237412106577,31.32183908045977,low_vol,23.815253651463426,mixed,bullish,0.0,229.305,229.35500000000002,2.675475894550922,2.629292101763622
HON,trend_pullback,2026-02-04 13:15:00-05:00,2026-02-04 13:30:00-05:00,13:00,midday,2026-02,2026-02-04,BUY,trend_pullback_entry,,,,234.88,235.453,231.463,0.8386999999999887,0.0032963365292250652,57.22070844686648,mid_vol,28.45665215695406,trend,bullish,0.0,234.59,234.64000000000001,-0.44545803316425076,-0.48998158881693143
HON,trend_pullback,2026-02-04 13:30:00-05:00,2026-02-04 13:45:00-05:00,13:00,afternoon,2026-02,2026-02-04,BUY,trend_pullback_entry,,,,233.7,235.41766666666666,231.59,0.805499999999995,0.003436996702670393,61.41304347826087,mid_vol,27.072284596234052,trend,bullish,0.0,233.49,233.54000000000002,0.20557625594243423,0.1607130256058781
HON,trend_pullback,2026-02-04 13:45:00-05:00,2026-02-04 14:00:00-05:00,13:00,afternoon,2026-02,2026-02-04,BUY,trend_pullback_entry,,,,233.395,235.27,231.72330000000002,0.7671000000000276,0.0033257352441700312,57.18157181571816,mid_vol,26.184046019516348,trend,bullish,0.0,233.46,233.51000000000002,0.3405294268825441,0.29563179307094745
HON,trend_pullback,2026-02-04 14:00:00-05:00,2026-02-04 14:15:00-05:00,14:00,afternoon,2026-02,2026-02-04,BUY,trend_pullback_entry,,,,233.72,235.12466666666666,231.8581,0.7197999999999922,0.0032871230853371127,54.5945945945946,mid_vol,25.174727434074963,trend,bullish,0.0,233.67,233.72,0.453631189284034,0.4087479034742273
HON,trend_pullback,2026-02-04 14:15:00-05:00,2026-02-04 14:30:00-05:00,14:00,afternoon,2026-02,2026-02-04,BUY,trend_pullback_entry,,,,233.545,234.98766666666668,231.99200000000002,0.690400000000011,0.00318459987752892,51.21293800539083,mid_vol,24.230571836514095,mixed,bullish,0.0,233.89,233.94,0.39120954294754823,0.3463799264768795
HON,trend_pullback,2026-02-04 14:30:00-05:00,2026-02-04 14:45:00-05:00,14:00,afternoon,2026-02,2026-02-04,BUY,trend_pullback_entry,,,,233.97,234.8756666666667,232.13099999999997,0.667999999999978,0.0031181396635610818,48.38709677419355,mid_vol,23.03864282157727,mixed,bullish,0.0,234.015,234.065,0.31621904578766713,0.27142832119282045
HON,trend_pullback,2026-02-04 14:45:00-05:00,2026-02-04 15:00:00-05:00,14:00,afternoon,2026-02,2026-02-04,BUY,trend_pullback_entry,,,,234.255,234.81866666666667,232.26229999999998,0.6722999999999786,0.003151073092534697,50.402144772117964,mid_vol,21.802605097246104,mixed,bullish,0.0,234.27,234.32000000000002,0.4652751099159105,0.42049914646636355
HON,trend_pullback,2026-02-11 09:45:00-05:00,2026-02-11 10:00:00-05:00,09:00,open_30m,2026-02,2026-02-11,BUY,trend_pullback_entry,,,,242.89,243.761,241.71200000000002,0.4411000000000058,0.0021753055251204473,26.91511387163561,low_vol,40.00167020459281,trend,bullish,0.0,242.945,242.995,-1.2780670522134598,-1.3209571801889068
HON,trend_pullback,2026-02-23 10:15:00-05:00,2026-02-23 10:30:00-05:00,10:00,open_30m,2026-02,2026-02-23,BUY,trend_pullback_entry,,,,242.905,243.76333333333332,242.13099999999997,0.2630999999999517,0.002839317091545358,52.40963855421687,mid_vol,26.58777739814673,trend,bullish,0.0,243.15,243.20000000000002,-0.1974090067859421,-0.24048684210528107
HON,trend_pullback,2026-02-23 10:30:00-05:00,2026-02-23 10:45:00-05:00,10:00,morning,2026-02,2026-02-23,BUY,trend_pullback_entry,,,,242.895,243.77433333333332,242.16279999999998,0.23599999999996157,0.0027116055837130455,45.29058116232465,mid_vol,24.77274548197214,mixed,bullish,0.0,242.935,242.985,-0.03910511042048238,-0.08225186739921354
HON,trend_pullback,2026-02-23 10:45:00-05:00,2026-02-23 11:00:00-05:00,10:00,morning,2026-02,2026-02-23,BUY,trend_pullback_entry,,,,243.07,243.749,242.205,0.18420000000003256,0.0025763479942073502,39.8,mid_vol,23.1278692281811,mixed,bullish,0.0,242.92,242.97,0.06586530545036433,0.022694406716868797
HON,trend_pullback,2026-02-23 11:00:00-05:00,2026-02-23 11:15:00-05:00,11:00,morning,2026-02,2026-02-23,BUY,trend_pullback_entry,,,,242.66,243.7,242.2464,0.1647000000000105,0.002517051427151377,36.12774451097805,mid_vol,21.884878209781544,mixed,bullish,0.0,242.51,242.56,0.25153601913323725,0.20825725593667813
HON,trend_pullback,2026-02-23 11:15:00-05:00,2026-02-23 11:30:00-05:00,11:00,morning,2026-02,2026-02-23,BUY,trend_pullback_entry,,,,242.67,243.63766666666666,242.2973,0.18360000000001264,0.002384260839547884,29.681274900398407,low_vol,20.939038295048686,mixed,bullish,0.0,242.96,243.01000000000002,0.061738557787292425,0.018575284967687365
HON,trend_pullback,2026-03-02 09:30:00-05:00,2026-03-02 09:45:00-05:00,09:00,open_30m,2026-03,2026-03-02,BUY,trend_pullback_entry,,,,242.09,243.04633333333334,241.9751,0.07230000000001269,0.00257148789332853,47.05882352941177,mid_vol,21.653025271662692,mixed,bullish,0.0,243.355,243.405,0.9492305479649082,0.9059517676300742
HON,trend_pullback,2026-03-03 11:00:00-05:00,2026-03-03 11:15:00-05:00,11:00,morning,2026-03,2026-03-03,BUY,trend_pullback_entry,,,,244.775,245.4633333333333,244.7011,0.11549999999999727,0.004208921066700175,100.0,high_vol,29.38423855582418,trend,bullish,0.0,244.78,244.83,-0.051066263583626106,-0.09390050238943104
HON,trend_pullback,2026-03-03 11:15:00-05:00,2026-03-03 11:30:00-05:00,11:00,morning,2026-03,2026-03-03,BUY,trend_pullback_entry,,,,244.85,245.34766666666667,244.7425,0.15270000000001005,0.004073369264949373,98.8,high_vol,28.252703887922603,trend,bullish,0.0,244.81,244.86,0.714840080062089,0.6718544474393525
HON,trend_pullback,2026-03-10 15:15:00-04:00,2026-03-10 15:30:00-04:00,15:00,afternoon,2026-03,2026-03-10,BUY,trend_pullback_entry,,,,241.21,243.83233333333334,238.5094,0.8196999999999832,0.004031446794715543,91.86046511627907,high_vol,41.070311811835715,trend,bullish,0.0,240.885,240.935,-0.9859476513689106,-1.0292480129495516
HON,trend_pullback,2026-03-10 15:30:00-04:00,2026-03-10 15:45:00-04:00,15:00,afternoon,2026-03,2026-03-10,BUY,trend_pullback_entry,,,,242.28,243.80766666666665,238.735,0.8777000000000044,0.004207507446400082,94.77756286266924,high_vol,39.618404375383584,trend,bullish,0.0,242.315,242.365,-1.5909044012958298,-1.6338362799909305
HON,trend_pullback,2026-03-11 09:30:00-04:00,2026-03-11 09:45:00-04:00,09:00,open_30m,2026-03,2026-03-11,BUY,trend_pullback_entry,,,,239.3,243.39833333333334,239.0654,0.8558000000000163,0.0046962598990941745,98.37728194726166,high_vol,38.24423538357991,trend,bearish,0.0,239.29,239.34,0.33014334071629425,0.2862928052143502
HON,trend_pullback,2026-03-11 10:30:00-04:00,2026-03-11 10:45:00-04:00,10:00,morning,2026-03,2026-03-11,BUY,trend_pullback_entry,,,,240.08,241.89800000000002,239.5767,0.6694999999999709,0.00471425933644281,97.98792756539235,high_vol,38.77431374178,trend,bearish,0.0,239.76,239.81,0.06464798131464845,0.020934823401853462
HON,trend_pullback,2026-03-11 10:45:00-04:00,2026-03-11 11:00:00-04:00,10:00,morning,2026-03,2026-03-11,BUY,trend_pullback_entry,,,,240.51,241.63533333333334,239.7105,0.6450999999999851,0.004596895869910809,96.98795180722891,high_vol,37.46407616745217,trend,bearish,0.0,240.375,240.425,-0.2350494019760781,-0.27859353228658396
HON,trend_pullback,2026-03-11 11:00:00-04:00,2026-03-11 11:15:00-04:00,11:00,morning,2026-03,2026-03-11,BUY,trend_pullback_entry,,,,240.34,241.33433333333332,239.8577,0.6517000000000053,0.0044677161324252635,96.19238476953907,high_vol,36.24742699129062,trend,bearish,0.0,239.57,239.62,0.24836164795258125,0.20457708037727118
HON,trend_pullback,2026-04-02 10:00:00-04:00,2026-04-02 10:15:00-04:00,10:00,open_30m,2026-04,2026-04-02,BUY,trend_pullback_entry,,,,227.35,228.324,226.78079999999997,0.2908999999999651,0.0032721401869043195,44.265593561368206,mid_vol,31.673984852131145,trend,bullish,0.0,227.255,227.305,1.0010780840905615,0.9548641252942047
HON,trend_pullback,2026-04-02 10:15:00-04:00,2026-04-02 10:30:00-04:00,10:00,open_30m,2026-04,2026-04-02,BUY,trend_pullback_entry,,,,227.43,228.1953333333333,226.8808,0.3119999999999834,0.0031252862511557916,35.140562248995984,mid_vol,30.560517979938822,trend,bullish,0.0,227.24,227.29000000000002,0.9725400457665814,0.9263294469620178
HON,trend_pullback,2026-04-08 14:30:00-04:00,2026-04-08 14:45:00-04:00,14:00,afternoon,2026-04,2026-04-08,BUY,trend_pullback_entry,,,,230.07,230.47566666666668,226.5768,0.2956000000000074,0.002713918768030702,20.776699029126213,low_vol,31.74229426730029,trend,bullish,0.0,230.01,230.06,0.4825877135776765,0.43701590889332925
HON,trend_pullback,2026-04-08 14:45:00-04:00,2026-04-08 15:00:00-04:00,14:00,afternoon,2026-04,2026-04-08,BUY,trend_pullback_entry,,,,229.64,230.44166666666666,226.62,0.2802000000000078,0.002658535963897129,20.155038759689923,low_vol,30.393569889681633,trend,bullish,0.0,229.65,229.70000000000002,1.2148922273024132,1.1690927296473546
HON,trend_pullback,2026-04-10 09:30:00-04:00,2026-04-10 09:45:00-04:00,09:00,open_30m,2026-04,2026-04-10,BUY,trend_pullback_entry,,,,234.735,235.49266666666665,232.6173,0.7554999999999836,0.002644158827103807,24.04040404040404,low_vol,37.810900415375905,trend,bullish,0.0,234.88,234.93,-0.0468324250681136,-0.09138832843826776
HON,trend_pullback,2026-04-10 09:45:00-04:00,2026-04-10 10:00:00-04:00,09:00,open_30m,2026-04,2026-04-10,BUY,trend_pullback_entry,,,,235.035,235.47366666666667,232.7254,0.6049999999999898,0.0027119961129323526,28.024193548387096,low_vol,35.847679117184114,trend,bullish,0.0,234.9,234.95000000000002,0.021285653469554255,-0.02328112364334629
HON,trend_pullback,2026-04-10 10:30:00-04:00,2026-04-10 10:45:00-04:00,10:00,morning,2026-04,2026-04-10,BUY,trend_pullback_entry,,,,234.77,235.37033333333332,233.05700000000002,0.5118000000000222,0.002776115989067872,32.26452905811623,low_vol,30.990249226164526,trend,bullish,0.0,234.9,234.95000000000002,0.059599829714766434,0.015024898914646203
HON,trend_pullback,2026-04-10 10:45:00-04:00,2026-04-10 11:00:00-04:00,10:00,morning,2026-04,2026-04-10,BUY,trend_pullback_entry,,,,234.95,235.31166666666667,233.1484,0.5311000000000092,0.002648810920194271,24.0,low_vol,29.160724768990075,trend,bullish,0.0,234.83,234.88000000000002,-0.025550398160372297,-0.0701198910081871
C,trend_pullback,2026-02-04 14:45:00-05:00,2026-02-04 15:00:00-05:00,14:00,afternoon,2026-02,2026-02-04,BUY,trend_pullback_entry,,,,117.74,118.13033333333333,117.65780000000001,0.07010000000001071,0.005074891441586381,79.89276139410188,high_vol,23.095631317685193,mixed,bullish,0.0,117.81,117.86,-0.339529751294462,-0.42623213982691366
C,trend_pullback,2026-02-06 14:15:00-05:00,2026-02-06 14:30:00-05:00,14:00,afternoon,2026-02,2026-02-06,BUY,trend_pullback_entry,,,,122.13,122.35933333333332,118.1023,0.5011999999999972,0.003978833038316721,37.11583924349882,mid_vol,47.35576382296989,trend,bullish,0.0,122.135,122.185,-0.17603471568346782,-0.25980578630764056
C,trend_pullback,2026-02-06 14:30:00-05:00,2026-02-06 14:45:00-05:00,14:00,afternoon,2026-02,2026-02-06,BUY,trend_pullback_entry,,,,122.05,122.366,118.1857,0.48579999999999757,0.0038901816741412024,35.613207547169814,mid_vol,46.10558102784222,trend,bullish,0.0,122.09,122.14,0.13105086411663247,0.04712395611593365
C,trend_pullback,2026-02-06 14:45:00-05:00,2026-02-06 15:00:00-05:00,14:00,afternoon,2026-02,2026-02-06,BUY,trend_pullback_entry,,,,122.11,122.396,118.2633,0.4586000000000041,0.003780172884680166,32.23529411764706,low_vol,45.103113883215556,trend,bullish,0.0,122.1,122.14999999999999,0.45454545454546014,0.3704928366762374
C,trend_pullback,2026-02-06 15:00:00-05:00,2026-02-06 15:15:00-05:00,15:00,afternoon,2026-02,2026-02-06,BUY,trend_pullback_entry,,,,122.1,122.42733333333334,118.34360000000001,0.4323000000000121,0.003627448135209913,28.63849765258216,low_vol,44.172251534633666,trend,bullish,0.0,122.05,122.1,0.8111429741909127,0.7269107289107524
C,trend_pullback,2026-02-06 15:15:00-05:00,2026-02-06 15:30:00-05:00,15:00,afternoon,2026-02,2026-02-06,BUY,trend_pullback_entry,,,,121.92,122.40133333333333,118.43379999999999,0.41929999999997847,0.0035725114975971857,25.761124121779858,low_vol,42.80195246113762,trend,bullish,0.0,121.91,121.96,0.8858994340086936,0.8015421449655719
C,trend_pullback,2026-02-10 09:30:00-05:00,2026-02-10 09:45:00-05:00,09:00,open_30m,2026-02,2026-02-10,BUY,trend_pullback_entry,,,,124.05,124.56099999999999,123.37299999999999,0.5429999999999922,0.003628326198100991,31.79824561403509,low_vol,32.44703985087526,trend,bullish,0.0,124.06,124.11,0.032242463324191555,-0.05034421078075865
C,trend_pullback,2026-02-10 09:45:00-05:00,2026-02-10 10:00:00-05:00,09:00,open_30m,2026-02,2026-02-10,BUY,trend_pullback_entry,,,,124.2,124.55366666666667,123.4268,0.4222000000000037,0.0038366806092521026,37.85557986870897,mid_vol,31.265020836733946,trend,bullish,0.0,124.135,124.185,-0.6162645506907806,-0.6985414502556636
C,trend_pullback,2026-02-10 10:00:00-05:00,2026-02-10 10:15:00-05:00,10:00,open_30m,2026-02,2026-02-10,BUY,trend_pullback_entry,,,,123.83,124.50566666666667,123.46539999999999,0.2885999999999882,0.003896300522431933,39.082969432314414,mid_vol,29.641135900508765,trend,bullish,0.0,123.935,123.985,-1.286964941299874,-1.3691008589748548
C,trend_pullback,2026-02-10 10:15:00-05:00,2026-02-10 10:30:00-05:00,10:00,open_30m,2026-02,2026-02-10,BUY,trend_pullback_entry,,,,123.985,124.472,123.5061,0.2483000000000004,0.00398217849970659,42.0479302832244,mid_vol,28.532238922262263,trend,bullish,0.0,123.98,124.03,-1.790611388933698,-1.872515197935968
C,trend_pullback,2026-02-10 10:30:00-05:00,2026-02-10 10:45:00-05:00,10:00,morning,2026-02,2026-02-10,BUY,trend_pullback_entry,,,,124.1,124.44633333333333,123.5549,0.23580000000001178,0.003887127441417966,38.91304347826087,mid_vol,27.502548871033365,trend,bullish,0.0,123.93,123.98,-1.6218833212297308,-1.703887401193731
C,trend_pullback,2026-02-18 13:15:00-05:00,2026-02-18 13:30:00-05:00,13:00,midday,2026-02,2026-02-18,BUY,trend_pullback_entry,,,,115.97,116.59766666666665,114.069,0.5785000000000053,0.004086758912864616,31.764705882352942,low_vol,44.31430516005508,trend,bearish,0.0,115.995,116.045,-0.2198370619423334,-0.30791580852255723
C,trend_pullback,2026-02-18 13:30:00-05:00,2026-02-18 13:45:00-05:00,13:00,afternoon,2026-02,2026-02-18,BUY,trend_pullback_entry,,,,115.91,116.547,114.1706,0.5622999999999934,0.003984765646144072,29.354207436399218,low_vol,42.592809876055625,trend,bearish,0.0,115.91,115.96,-0.14666551634889285,-0.23483890996895979
C,trend_pullback,2026-02-18 13:45:00-05:00,2026-02-18 14:00:00-05:00,13:00,afternoon,2026-02,2026-02-18,BUY,trend_pullback_entry,,,,115.815,116.51533333333333,114.2772,0.5527999999999906,0.0039560409881395095,28.515625,low_vol,40.15875858518846,trend,bearish,0.0,115.74,115.78999999999999,-0.047520304129940044,-0.13586302789531146
C,trend_pullback,2026-02-18 14:00:00-05:00,2026-02-18 14:15:00-05:00,14:00,afternoon,2026-02,2026-02-18,BUY,trend_pullback_entry,,,,115.85,116.48,114.3884,0.545400000000015,0.003860407874429927,26.120857699805068,low_vol,37.89856810081181,trend,bearish,0.0,115.805,115.855,0.06908164587021139,-0.01926295800784601
C,trend_pullback,2026-02-18 14:15:00-05:00,2026-02-18 14:30:00-05:00,14:00,afternoon,2026-02,2026-02-18,BUY,trend_pullback_entry,,,,115.74,116.40933333333332,114.49680000000001,0.5364000000000004,0.0037331008413471027,21.011673151750973,low_vol,35.79981979389062,trend,bearish,0.0,115.83,115.88,-0.12086678753345469,-0.20911080428028297
C,trend_pullback,2026-02-18 14:30:00-05:00,2026-02-18 14:45:00-05:00,14:00,afternoon,2026-02,2026-02-18,BUY,trend_pullback_entry,,,,115.74,116.35933333333332,114.605,0.5360000000000014,0.003651594823315606,20.0,low_vol,33.572669061387835,trend,bearish,0.0,115.86,115.91,-0.030208872777487128,-0.1184696747476437
C,trend_pullback,2026-02-18 14:45:00-05:00,2026-02-18 15:00:00-05:00,14:00,afternoon,2026-02,2026-02-18,BUY,trend_pullback_entry,,,,115.685,116.28166666666667,114.71620000000001,0.5456000000000216,0.0036856627930878317,20.54263565891473,low_vol,31.758233627529798,trend,bearish,0.0,115.705,115.755,0.4753467870878503,0.38675210574058383
C,trend_pullback,2026-03-10 14:15:00-04:00,2026-03-10 14:30:00-04:00,14:00,afternoon,2026-03,2026-03-10,BUY,trend_pullback_entry,,,,109.63,109.94333333333334,106.23639999999999,0.4333999999999918,0.0066397132652083425,74.8046875,high_vol,43.26819677596476,trend,bullish,0.0,109.665,109.715,-0.2781197282633537,-0.37113822175637096
C,trend_pullback,2026-03-10 14:30:00-04:00,2026-03-10 14:45:00-04:00,14:00,afternoon,2026-03,2026-03-10,BUY,trend_pullback_entry,,,,109.605,109.931,106.309,0.4106999999999914,0.006570902623343739,73.2943469785575,high_vol,41.296860461426085,trend,bullish,0.0,109.57,109.61999999999999,-0.14602537190836598,-0.23918299580367375
C,trend_pullback,2026-03-10 14:45:00-04:00,2026-03-10 15:00:00-04:00,14:00,afternoon,2026-03,2026-03-10,BUY,trend_pullback_entry,,,,109.75,109.94833333333332,106.3876,0.40149999999999864,0.0063473147845172,68.48249027237354,high_vol,39.466333883640175,trend,bullish,0.0,109.83,109.88,-0.7784758262769771,-0.8711299599563063
C,trend_pullback,2026-03-10 15:00:00-04:00,2026-03-10 15:15:00-04:00,15:00,afternoon,2026-03,2026-03-10,BUY,trend_pullback_entry,,,,109.575,109.926,106.4607,0.38219999999999743,0.006265135666249419,65.8252427184466,mid_vol,37.59311186631215,trend,bullish,0.0,109.695,109.74499999999999,-1.1258489448014946,-1.218456330584536
C,trend_pullback,2026-03-10 15:15:00-04:00,2026-03-10 15:30:00-04:00,15:00,afternoon,2026-03,2026-03-10,BUY,trend_pullback_entry,,,,109.36,109.87733333333334,106.51700000000001,0.3546000000000191,0.006119715440602881,62.2093023255814,mid_vol,35.601915006872765,trend,bullish,0.0,109.28,109.33,-0.7686676427525654,-0.8617823104362855
C,trend_pullback,2026-03-10 15:30:00-04:00,2026-03-10 15:45:00-04:00,15:00,afternoon,2026-03,2026-03-10,BUY,trend_pullback_entry,,,,109.41,109.86066666666667,106.6426,0.40620000000001255,0.005882380200031527,56.479690522243715,mid_vol,33.60030231447434,trend,bullish,0.0,109.34,109.39,-0.8779952441924345,-0.9710099643477407
C,trend_pullback,2026-03-11 09:30:00-04:00,2026-03-11 09:45:00-04:00,09:00,open_30m,2026-03,2026-03-11,BUY,trend_pullback_entry,,,,108.46,109.75566666666667,106.89209999999999,0.5044999999999789,0.006306139185557031,63.691683569979716,mid_vol,30.2759346778718,trend,bullish,0.0,108.46,108.50999999999999,0.21205974552830903,0.1178046263017336
C,trend_pullback,2026-03-11 09:45:00-04:00,2026-03-11 10:00:00-04:00,09:00,open_30m,2026-03,2026-03-11,BUY,trend_pullback_entry,,,,108.44,109.65733333333333,107.01289999999999,0.5521999999999849,0.006271756684968447,63.56275303643725,mid_vol,29.37967753938712,trend,bearish,0.0,108.4,108.45,0.6688191881918767,0.574302443522356
C,trend_pullback,2026-03-11 10:00:00-04:00,2026-03-11 10:15:00-04:00,10:00,open_30m,2026-03,2026-03-11,BUY,trend_pullback_entry,,,,108.38,109.56400000000001,107.1192,0.6021999999999963,0.006581618138516417,70.5050505050505,high_vol,27.488915760871382,trend,bearish,0.0,108.345,108.395,-0.09691264017721536,-0.19112311453479836
C,trend_pullback,2026-03-11 10:15:00-04:00,2026-03-11 10:30:00-04:00,10:00,open_30m,2026-03,2026-03-11,BUY,trend_pullback_entry,,,,107.595,109.40133333333333,107.2088,0.5661999999999949,0.0068531497481171665,75.20161290322581,high_vol,26.739575430143084,trend,bearish,0.0,107.58,107.63,0.5205428518311974,0.425390132862583
C,trend_pullback,2026-03-11 10:30:00-04:00,2026-03-11 10:45:00-04:00,10:00,morning,2026-03,2026-03-11,BUY,trend_pullback_entry,,,,108.69,109.26133333333334,107.3196,0.5489000000000033,0.0070454243477075405,79.67806841046277,high_vol,25.780256296090936,trend,bearish,0.0,108.63,108.67999999999999,-0.7548559329835158,-0.8485218991534565
C,trend_pullback,2026-03-11 11:00:00-04:00,2026-03-11 11:15:00-04:00,11:00,morning,2026-03,2026-03-11,BUY,trend_pullback_entry,,,,108.24,109.01833333333335,107.5213,0.5084000000000088,0.007235416578405899,83.16633266533066,high_vol,23.247675220937026,mixed,bullish,0.0,108.16,108.21,-0.28198964497040735,-0.3762722484058713
C,trend_pullback,2026-03-11 11:15:00-04:00,2026-03-11 11:30:00-04:00,11:00,morning,2026-03,2026-03-11,BUY,trend_pullback_entry,,,,108.14,108.89166666666667,107.61309999999999,0.49389999999998224,0.007035258115013942,78.8,high_vol,22.590905471758767,mixed,bullish,0.0,108.04,108.09,-0.1758607922991595,-0.27029493940235627
C,trend_pullback,2026-03-20 10:15:00-04:00,2026-03-20 10:30:00-04:00,10:00,open_30m,2026-03,2026-03-20,BUY,trend_pullback_entry,,,,109.215,109.533,108.95309999999999,0.13459999999999184,0.006368909070269935,71.7741935483871,high_vol,24.850317152310406,mixed,bullish,0.0,109.275,109.325,0.1509951956074052,0.057455751200552636
C,trend_pullback,2026-03-20 11:15:00-04:00,2026-03-20 11:30:00-04:00,11:00,morning,2026-03,2026-03-20,BUY,trend_pullback_entry,,,,109.44,109.65133333333333,109.04440000000001,0.10520000000001062,0.006496739288129993,74.6,high_vol,28.787395423783625,trend,bullish,0.0,109.5,109.55,0.9863013698630121,0.8925686900958567
C,trend_pullback,2026-03-20 14:15:00-04:00,2026-03-20 14:30:00-04:00,14:00,afternoon,2026-03,2026-03-20,BUY,trend_pullback_entry,,,,109.86,110.27333333333333,109.43430000000001,0.14740000000000464,0.005174580677423786,37.890625,mid_vol,39.58192802418462,trend,bullish,0.0,109.92,109.97,-0.3275109170305672,-0.4202958988815112
C,trend_pullback,2026-03-20 14:30:00-04:00,2026-03-20 14:45:00-04:00,14:00,afternoon,2026-03,2026-03-20,BUY,trend_pullback_entry,,,,109.545,110.27233333333334,109.4477,0.1261999999999972,0.005131767526641437,35.67251461988304,mid_vol,37.04176657821546,trend,bullish,0.0,109.57,109.61999999999999,-0.18709500775759633,-0.28023389892355227
C,trend_pullback,2026-03-20 14:45:00-04:00,2026-03-20 15:00:00-04:00,14:00,afternoon,2026-03,2026-03-20,BUY,trend_pullback_entry,,,,109.745,110.26533333333333,109.4733,0.125,0.004990837954333859,32.490272373540854,low_vol,34.68304523552981,trend,bullish,0.0,109.75,109.8,-0.2004555808656026,-0.2934389799635596
C,trend_pullback,2026-03-20 15:00:00-04:00,2026-03-20 15:15:00-04:00,15:00,afternoon,2026-03,2026-03-20,BUY,trend_pullback_entry,,,,109.69,110.282,109.4985,0.11960000000001969,0.004845052711458792,27.37864077669903,low_vol,32.77116629215825,trend,bullish,0.0,109.715,109.765,2.9758920840359115,2.8814327882294037
C,trend_pullback,2026-03-20 15:15:00-04:00,2026-03-20 15:30:00-04:00,15:00,afternoon,2026-03,2026-03-20,BUY,trend_pullback_entry,,,,109.56,110.24633333333333,109.5169,0.11140000000001749,0.004693383804672512,21.705426356589147,low_vol,30.644894037579736,trend,bullish,0.0,109.58,109.63,2.559773681328716,2.4653903128705905
C,trend_pullback,2026-03-23 13:15:00-04:00,2026-03-23 13:30:00-04:00,13:00,midday,2026-03,2026-03-23,BUY,trend_pullback_entry,,,,111.54,112.04533333333333,110.60969999999999,0.25099999999997635,0.005680323452203708,56.97445972495088,mid_vol,23.713016804274144,mixed,bullish,0.0,111.55,111.6,0.5109816225907732,0.41914695340502706
C,trend_pullback,2026-03-24 10:00:00-04:00,2026-03-24 10:15:00-04:00,10:00,open_30m,2026-03,2026-03-24,BUY,trend_pullback_entry,,,,111.485,111.80266666666667,111.1819,0.16429999999999723,0.005916474196083664,63.70967741935484,mid_vol,21.55864427251867,mixed,bullish,0.0,111.55,111.6,1.900493052442855,1.8080358422939071
C,trend_pullback,2026-04-01 14:00:00-04:00,2026-04-01 14:15:00-04:00,14:00,afternoon,2026-04,2026-04-01,BUY,trend_pullback_entry,,,,115.115,115.633,112.73989999999999,0.7952999999999975,0.004497111096415898,23.196881091617932,low_vol,39.27103266736666,trend,bullish,0.0,115.08,115.13,-0.16944734098018177,-0.2582320854685918
C,trend_pullback,2026-04-01 14:15:00-04:00,2026-04-01 14:30:00-04:00,14:00,afternoon,2026-04,2026-04-01,BUY,trend_pullback_entry,,,,114.72,115.60033333333334,112.8866,0.783600000000007,0.0045451685284860766,25.09727626459144,low_vol,36.500261206878164,trend,bullish,0.0,114.75,114.8,0.48801742919390173,0.39869686411151406
C,trend_pullback,2026-04-01 14:30:00-04:00,2026-04-01 14:45:00-04:00,14:00,afternoon,2026-04,2026-04-01,BUY,trend_pullback_entry,,,,114.78,115.53999999999999,113.0492,0.786200000000008,0.004510792408236249,23.300970873786408,low_vol,34.01475968070311,trend,bullish,0.0,114.795,114.845,0.5096040768326092,0.4203083286168294
C,trend_pullback,2026-04-07 11:15:00-04:00,2026-04-07 11:30:00-04:00,11:00,morning,2026-04,2026-04-07,BUY,trend_pullback_entry,,,,116.24,116.60166666666667,115.9867,0.18099999999999739,0.00434868844333298,23.705179282868524,low_vol,20.602655674728585,mixed,bullish,0.0,116.36,116.41,0.13750429700927863,0.04954196374882258
C,trend_pullback,2026-04-08 14:45:00-04:00,2026-04-08 15:00:00-04:00,14:00,afternoon,2026-04,2026-04-08,BUY,trend_pullback_entry,,,,122.76,123.105,119.4648,0.6695999999999884,0.0043878320935255115,37.4031007751938,mid_vol,43.45607399889797,trend,bullish,0.0,122.72,122.77,0.6518904823989546,0.5681718660910633
C,trend_pullback,2026-04-08 15:15:00-04:00,2026-04-08 15:30:00-04:00,15:00,afternoon,2026-04,2026-04-08,BUY,trend_pullback_entry,,,,122.93,123.19699999999999,119.7004,0.616500000000002,0.004237806452751502,31.853281853281853,low_vol,41.58796338801994,trend,bullish,0.0,122.9,122.95,0.4841334418226191,0.4006026840179061
C,trend_pullback,2026-04-09 09:30:00-04:00,2026-04-09 09:45:00-04:00,09:00,open_30m,2026-04,2026-04-09,BUY,trend_pullback_entry,,,,122.93,123.24933333333334,120.1199,0.6551000000000045,0.004540007430569541,43.03030303030303,mid_vol,38.756475597079415,trend,bullish,0.0,122.96,123.00999999999999,0.06506180871829255,-0.018258840744636018
C,trend_pullback,2026-04-09 10:00:00-04:00,2026-04-09 10:15:00-04:00,10:00,open_30m,2026-04,2026-04-09,BUY,trend_pullback_entry,,,,122.845,123.25833333333334,120.375,0.6745999999999981,0.004691262100296683,49.094567404426556,mid_vol,35.803826529992094,trend,bullish,0.0,122.81,122.86,0.24427978177672596,0.16078691193227998
C,trend_pullback,2026-04-09 10:15:00-04:00,2026-04-09 10:30:00-04:00,10:00,open_30m,2026-04,2026-04-09,BUY,trend_pullback_entry,,,,122.89,123.24633333333333,120.50200000000001,0.6573000000000206,0.004558010767610004,42.971887550200805,mid_vol,33.99741853296376,trend,bullish,0.0,123.04,123.09,0.4673276983094836,0.3838964984970289
C,trend_pullback,2026-04-09 10:30:00-04:00,2026-04-09 10:45:00-04:00,10:00,morning,2026-04,2026-04-09,BUY,trend_pullback_entry,,,,123.04,123.24499999999999,120.645,0.6590999999999951,0.004337579684893827,36.673346693386776,mid_vol,32.55260583984464,trend,bullish,0.0,123.04,123.09,0.6420676202860793,0.5585654399220061
C,trend_pullback,2026-04-10 10:00:00-04:00,2026-04-10 10:15:00-04:00,10:00,open_30m,2026-04,2026-04-10,BUY,trend_pullback_entry,,,,124.435,124.693,123.6792,0.1419999999999959,0.0037488226561730995,20.523138832997986,low_vol,30.46393993651882,trend,bullish,0.0,124.41,124.46,0.5345229483160568,0.45196111200388034
JPM,trend_pullback,2026-01-16 15:15:00-05:00,2026-01-16 15:30:00-05:00,15:00,afternoon,2026-01,2026-01-16,BUY,trend_pullback_entry,,,,312.95,315.0296666666666,312.2985,0.6062999999999761,0.002693593905857505,20.634920634920636,low_vol,28.846075952392532,trend,bearish,0.0,312.91,312.96000000000004,-1.9654213671662886,-1.9990603271983785
JPM,trend_pullback,2026-01-22 13:45:00-05:00,2026-01-22 14:00:00-05:00,13:00,afternoon,2026-01,2026-01-22,BUY,trend_pullback_entry,,,,304.905,305.6853333333333,303.9677,0.035399999999981446,0.0036697284060443346,53.333333333333336,mid_vol,23.14049983917879,mixed,bearish,0.0,304.905,304.955,-0.43784129482953044,-0.47256123034545683
JPM,trend_pullback,2026-01-22 14:00:00-05:00,2026-01-22 14:15:00-05:00,14:00,afternoon,2026-01,2026-01-22,BUY,trend_pullback_entry,,,,304.99,305.66299999999995,304.0056,0.092899999999986,0.0035424910923038005,50.0,mid_vol,22.49778246981581,mixed,bearish,0.0,304.98,305.03000000000003,-0.45904649485213267,-0.49375490935319705
JPM,trend_pullback,2026-01-22 14:15:00-05:00,2026-01-22 14:30:00-05:00,14:00,afternoon,2026-01,2026-01-22,BUY,trend_pullback_entry,,,,304.895,305.6513333333333,304.0577,0.14510000000001355,0.0033455350336398207,32.846715328467155,low_vol,21.7280181304466,mixed,bearish,0.0,304.93,304.98,-0.5066736628078627,-0.5413796314512638
JPM,trend_pullback,2026-01-22 14:30:00-05:00,2026-01-22 14:45:00-05:00,14:00,afternoon,2026-01,2026-01-22,BUY,trend_pullback_entry,,,,304.18,305.5663333333333,304.1017,0.18439999999998236,0.0033040774149378123,31.159420289855074,low_vol,20.218716142001103,mixed,bearish,0.0,304.15,304.2,-0.34686832155184943,-0.3816844181459487
JPM,trend_pullback,2026-01-30 10:45:00-05:00,2026-01-30 11:00:00-05:00,10:00,morning,2026-01,2026-01-30,BUY,trend_pullback_entry,,,,305.14,305.9603333333333,303.461,0.6482000000000312,0.0035937801598651224,68.81720430107526,high_vol,37.47554841144301,trend,bullish,0.0,304.985,305.035,-0.44100529534240285,-0.47571613093580256
JPM,trend_pullback,2026-01-30 11:00:00-05:00,2026-01-30 11:15:00-05:00,11:00,morning,2026-01,2026-01-30,BUY,trend_pullback_entry,,,,304.8,305.97833333333335,303.5287,0.5432999999999879,0.0035212502375694004,63.57142857142857,mid_vol,35.33807753903564,trend,bullish,0.0,304.795,304.845,-0.47080824816680134,-0.5055345831488239
JPM,trend_pullback,2026-01-30 11:15:00-05:00,2026-01-30 11:30:00-05:00,11:00,morning,2026-01,2026-01-30,BUY,trend_pullback_entry,,,,303.71,305.8896666666667,303.5816,0.46009999999995443,0.00358485819210643,67.97153024911032,high_vol,33.28597089968658,trend,bullish,0.0,303.71,303.76,-0.003292614665302725,-0.03821279957861634
JPM,trend_pullback,2026-02-03 13:15:00-05:00,2026-02-03 13:30:00-05:00,13:00,midday,2026-02,2026-02-03,BUY,trend_pullback_entry,,,,310.02,313.19066666666663,309.03340000000003,0.7250000000000227,0.003932282174198942,86.51026392961877,high_vol,26.691834591012572,trend,bullish,0.0,310.1,310.15000000000003,0.024185746533372663,-0.010060615831059749
JPM,trend_pullback,2026-02-03 13:30:00-05:00,2026-02-03 13:45:00-05:00,13:00,afternoon,2026-02,2026-02-03,BUY,trend_pullback_entry,,,,310.57,312.9313333333333,309.1482,0.6427999999999656,0.0038887298367027982,84.21052631578948,high_vol,25.44142332861219,trend,bullish,0.0,310.46,310.51,0.35914449526509346,0.3248815819136212
JPM,trend_pullback,2026-02-03 13:45:00-05:00,2026-02-03 14:00:00-05:00,13:00,afternoon,2026-02,2026-02-03,BUY,trend_pullback_entry,,,,309.97,312.58133333333336,309.235,0.5600999999999772,0.003831107326055115,80.75801749271137,high_vol,24.386814597682747,mixed,bullish,0.0,309.87,309.92,0.6680220737728703,0.6336479091378351
JPM,trend_pullback,2026-02-03 14:00:00-05:00,2026-02-03 14:15:00-05:00,14:00,afternoon,2026-02,2026-02-03,BUY,trend_pullback_entry,,,,310.705,312.34766666666667,309.33389999999997,0.5240999999999758,0.003904224354324362,85.17441860465117,high_vol,23.96288173613069,mixed,bullish,0.0,310.73,310.78000000000003,0.4875615486113302,0.4533060042473607
JPM,trend_pullback,2026-02-03 14:15:00-05:00,2026-02-03 14:30:00-05:00,14:00,afternoon,2026-02,2026-02-03,BUY,trend_pullback_entry,,,,310.175,312.07466666666664,309.428,0.49799999999999045,0.003813470820420403,80.0,high_vol,23.344273056435505,mixed,bullish,0.0,310.65,310.7,0.9721551585385606,0.937813324750573
JPM,trend_pullback,2026-02-04 13:30:00-05:00,2026-02-04 13:45:00-05:00,13:00,afternoon,2026-02,2026-02-04,BUY,trend_pullback_entry,,,,316.86,317.65233333333333,313.69989999999996,0.8469999999999231,0.004009670174229584,89.40217391304348,high_vol,27.67796295256113,trend,bullish,0.0,316.8,316.85,-0.034722222222226526,-0.06827741833675417
JPM,trend_pullback,2026-02-04 13:45:00-05:00,2026-02-04 14:00:00-05:00,13:00,afternoon,2026-02,2026-02-04,BUY,trend_pullback_entry,,,,316.29,317.60499999999996,313.8539,0.8296000000000276,0.0038711203525433296,82.92682926829268,high_vol,26.12193171636662,trend,bullish,0.0,316.355,316.40500000000003,0.3635156706864052,0.32985316287667954
JPM,trend_pullback,2026-02-04 14:00:00-05:00,2026-02-04 14:15:00-05:00,14:00,afternoon,2026-02,2026-02-04,BUY,trend_pullback_entry,,,,315.94,317.46866666666665,314.0027,0.799000000000035,0.003719548135716798,74.5945945945946,high_vol,24.31149589828513,mixed,bullish,0.0,315.89,315.94,0.7898319035107172,0.7560553269608136
JPM,trend_pullback,2026-02-04 14:15:00-05:00,2026-02-04 14:30:00-05:00,14:00,afternoon,2026-02,2026-02-04,BUY,trend_pullback_entry,,,,315.89,317.262,314.16720000000004,0.8077000000000112,0.0036454829425203892,71.15902964959568,high_vol,22.96994897069717,mixed,bullish,0.0,316.015,316.065,0.761039824058994,0.7272803695442349
JPM,trend_pullback,2026-02-04 14:30:00-05:00,2026-02-04 14:45:00-05:00,14:00,afternoon,2026-02,2026-02-04,BUY,trend_pullback_entry,,,,316.69,317.202,314.3444,0.8118000000000052,0.0035851713679591946,67.74193548387096,high_vol,21.448929594394738,mixed,bullish,0.0,316.67,316.72,0.5147314238797471,0.4810765344783931
JPM,trend_pullback,2026-02-06 15:30:00-05:00,2026-02-06 15:45:00-05:00,15:00,afternoon,2026-02,2026-02-06,BUY,trend_pullback_entry,,,,322.465,323.058,315.74330000000003,0.5927000000000362,0.002982063351792047,32.94392523364486,low_vol,47.85227451049115,trend,bullish,0.0,322.54,322.59000000000003,0.48366094127860176,0.4505868749806268
JPM,trend_pullback,2026-02-09 13:15:00-05:00,2026-02-09 13:30:00-05:00,13:00,midday,2026-02,2026-02-09,BUY,trend_pullback_entry,,,,322.825,324.16066666666666,321.0242,1.3765999999999963,0.003001316399820601,33.48314606741573,mid_vol,30.616255436826442,trend,bullish,0.0,322.83,322.88,0.2725892884800035,0.23957581764121869
JPM,trend_pullback,2026-02-09 13:30:00-05:00,2026-02-09 13:45:00-05:00,13:00,afternoon,2026-02,2026-02-09,BUY,trend_pullback_entry,,,,323.215,324.0596666666667,321.2943,1.3777000000000044,0.002970313782298179,31.614349775784753,low_vol,28.484099028323836,trend,bullish,0.0,323.24,323.29,0.006187353050359427,-0.026745584459786184
JPM,trend_pullback,2026-02-09 13:45:00-05:00,2026-02-09 14:00:00-05:00,13:00,afternoon,2026-02,2026-02-09,BUY,trend_pullback_entry,,,,323.28,324.005,321.5674,1.3783000000000243,0.002801783858064563,26.62192393736018,low_vol,26.486978070670727,trend,bullish,0.0,323.255,323.305,-0.24284233809220837,-0.2757353273225021
JPM,trend_pullback,2026-02-18 13:45:00-05:00,2026-02-18 14:00:00-05:00,13:00,afternoon,2026-02,2026-02-18,BUY,trend_pullback_entry,,,,309.52,310.804,307.4987,0.7669999999999959,0.002837700700860226,20.703125,low_vol,39.15363488158796,trend,bearish,0.0,309.64,309.69,0.025836455238354518,-0.008458070974199927
JPM,trend_pullback,2026-03-10 14:00:00-04:00,2026-03-10 14:15:00-04:00,14:00,afternoon,2026-03,2026-03-10,BUY,trend_pullback_entry,,,,289.78,290.905,287.2438,0.35940000000005057,0.004523294295680203,59.49119373776908,mid_vol,26.146503273389094,trend,bearish,0.0,289.69,289.74,-0.024163761262036374,-0.06067329329744098
JPM,trend_pullback,2026-03-10 14:15:00-04:00,2026-03-10 14:30:00-04:00,14:00,afternoon,2026-03,2026-03-10,BUY,trend_pullback_entry,,,,290.32,290.847,287.2776,0.31860000000000355,0.00469060811543634,63.28125,mid_vol,24.30868878189946,mixed,bearish,0.0,290.58,290.63,-0.5144882648496127,-0.550807762447107
JPM,trend_pullback,2026-03-10 14:30:00-04:00,2026-03-10 14:45:00-04:00,14:00,afternoon,2026-03,2026-03-10,BUY,trend_pullback_entry,,,,289.77,290.709,287.31239999999997,0.24320000000000164,0.004670725433707315,62.57309941520468,mid_vol,22.66771170598928,mixed,bearish,0.0,289.625,289.675,-0.16745791972378546,-0.20395046172435516
JPM,trend_pullback,2026-03-10 14:45:00-04:00,2026-03-10 15:00:00-04:00,14:00,afternoon,2026-03,2026-03-10,BUY,trend_pullback_entry,,,,289.71,290.66633333333334,287.3454,0.20060000000000855,0.004487164360426884,58.56031128404669,mid_vol,21.11431694980226,mixed,bearish,0.0,289.72,289.77000000000004,-0.35206406185283673,-0.3885134416951473
JPM,trend_pullback,2026-03-20 14:15:00-04:00,2026-03-20 14:30:00-04:00,14:00,afternoon,2026-03,2026-03-20,BUY,trend_pullback_entry,,,,287.59,288.1453333333333,287.1576,0.03669999999999618,0.0037423481663240482,30.2734375,low_vol,20.157196952255735,mixed,bullish,0.0,287.56,287.61,-0.24342745861732806,-0.2801544452557323
JPM,trend_pullback,2026-03-23 13:15:00-04:00,2026-03-23 13:30:00-04:00,13:00,midday,2026-03,2026-03-23,BUY,trend_pullback_entry,,,,290.89,291.81966666666665,289.0483,0.4737999999999829,0.004322750130228932,60.70726915520628,mid_vol,23.526798666976088,mixed,bullish,0.0,290.89,290.94,0.28533122486164564,0.24891084072318106
JPM,trend_pullback,2026-04-01 13:15:00-04:00,2026-04-01 13:30:00-04:00,13:00,midday,2026-04,2026-04-01,BUY,trend_pullback_entry,,,,296.02,296.572,292.0096,1.057299999999998,0.003789912144855977,44.31372549019608,mid_vol,29.88571492756254,trend,bullish,0.0,296.04,296.09000000000003,-0.6553168490744485,-0.6909797021176018
JPM,trend_pullback,2026-04-01 13:30:00-04:00,2026-04-01 13:45:00-04:00,13:00,afternoon,2026-04,2026-04-01,BUY,trend_pullback_entry,,,,295.73,296.45933333333335,292.2266,1.0708999999999946,0.0036313450276950275,35.81213307240704,mid_vol,28.302375445152613,trend,bullish,0.0,295.8,295.85,-0.42258282623394183,-0.45831232043266257
JPM,trend_pullback,2026-04-01 13:45:00-04:00,2026-04-01 14:00:00-04:00,13:00,afternoon,2026-04,2026-04-01,BUY,trend_pullback_entry,,,,295.23,296.342,292.4421,1.084199999999953,0.003559130567819583,32.03125,low_vol,26.36073716315258,trend,bullish,0.0,295.23,295.28000000000003,-0.1913762151542857,-0.22720997019778222
JPM,trend_pullback,2026-04-01 14:00:00-04:00,2026-04-01 14:15:00-04:00,14:00,afternoon,2026-04,2026-04-01,BUY,trend_pullback_entry,,,,294.71,296.3433333333333,292.6511,1.0740999999999872,0.0034682781446133287,28.84990253411306,low_vol,24.94332832650082,mixed,bullish,0.0,294.67,294.72,0.016968133844643626,-0.018965255157434056
JPM,trend_pullback,2026-04-01 14:15:00-04:00,2026-04-01 14:30:00-04:00,14:00,afternoon,2026-04,2026-04-01,BUY,trend_pullback_entry,,,,294.1,296.26599999999996,292.8493,1.059500000000014,0.0034628093641586805,28.21011673151751,low_vol,24.443057968922506,mixed,bullish,0.0,294.12,294.17,0.39099687202501604,0.35493646530916295
JPM,trend_pullback,2026-04-01 14:30:00-04:00,2026-04-01 14:45:00-04:00,14:00,afternoon,2026-04,2026-04-01,BUY,trend_pullback_entry,,,,294.55,296.106,293.0823,1.0726999999999975,0.00339970391686784,25.631067961165048,low_vol,23.978521208314074,mixed,bullish,0.0,294.715,294.765,0.3342211967494066,0.29823917357895197
JPM,trend_pullback,2026-04-01 14:45:00-04:00,2026-04-01 15:00:00-04:00,14:00,afternoon,2026-04,2026-04-01,BUY,trend_pullback_entry,,,,294.665,295.93833333333333,293.3238,1.0971999999999866,0.0033253200979500882,23.25581395348837,low_vol,23.114529632072788,mixed,bullish,0.0,294.67,294.72,0.2036176061356656,0.1676525515743606
